Tinlet       	StrainRate   	dZr          	DSt          	ChiSt        	ChiQu        	ChiStQu      
3.000000E+02 	0.000000E+00 	4.594811E-02 	4.922756E-04 	1.332353E-01 	2.610698E+02 	5.103436E-04 
3.000000E+02 	1.000000E+00 	4.789931E-02 	4.951437E-04 	1.721624E-01 	2.610698E+02 	6.594497E-04 
3.000000E+02 	2.000000E+00 	5.001719E-02 	4.949263E-04 	2.131864E-01 	2.610698E+02 	8.165877E-04 
3.000000E+02 	3.000000E+00 	5.280491E-02 	4.948365E-04 	2.643996E-01 	2.610698E+02 	1.012754E-03 
3.000000E+02 	4.000000E+00 	5.243559E-02 	4.948793E-04 	3.284775E-01 	2.610698E+02 	1.258198E-03 
3.000000E+02 	5.000000E+00 	5.455243E-02 	4.950355E-04 	4.085930E-01 	2.610698E+02 	1.565072E-03 
3.000000E+02 	6.000000E+00 	5.659206E-02 	4.985936E-04 	5.316489E-01 	2.610698E+02 	2.036424E-03 
3.000000E+02 	7.000000E+00 	5.834938E-02 	4.989492E-04 	6.630384E-01 	2.610698E+02 	2.539698E-03 
3.000000E+02 	8.000000E+00 	6.012703E-02 	4.993951E-04 	8.278041E-01 	2.610698E+02 	3.170815E-03 
3.000000E+02 	9.000000E+00 	6.172799E-02 	4.999218E-04 	1.034558E+00 	2.610698E+02 	3.962764E-03 
3.000000E+02 	1.000000E+01 	1.827218E-02 	5.005082E-04 	1.293822E+00 	2.610698E+02 	4.955847E-03 
3.000000E+02 	1.100000E+01 	1.840432E-02 	5.011550E-04 	1.619139E+00 	2.610698E+02 	6.201939E-03 
3.000000E+02 	1.200000E+01 	1.892385E-02 	5.018386E-04 	2.027455E+00 	2.610698E+02 	7.765950E-03 
3.000000E+02 	1.300000E+01 	1.959923E-02 	5.025800E-04 	2.540739E+00 	2.610698E+02 	9.732030E-03 
3.000000E+02 	1.400000E+01 	1.923860E-02 	5.034342E-04 	3.196335E+00 	2.610698E+02 	1.224322E-02 
3.000000E+02 	1.500000E+01 	2.005402E-02 	5.042403E-04 	4.009624E+00 	2.610698E+02 	1.535844E-02 
3.000000E+02 	1.600000E+01 	2.109930E-02 	5.050611E-04 	5.031120E+00 	2.610698E+02 	1.927117E-02 
3.000000E+02 	1.700000E+01 	2.099727E-02 	5.058897E-04 	6.313785E+00 	2.610698E+02 	2.418428E-02 
3.000000E+02 	1.800000E+01 	2.223248E-02 	5.067293E-04 	7.926835E+00 	2.610698E+02 	3.036290E-02 
3.000000E+02 	1.900000E+01 	2.263200E-02 	5.076072E-04 	9.967678E+00 	2.610698E+02 	3.818013E-02 
3.000000E+02 	2.000000E+01 	2.393258E-02 	5.084656E-04 	1.252424E+01 	2.610698E+02 	4.797276E-02 
3.000000E+02 	2.100000E+01 	2.552341E-02 	5.093178E-04 	1.573927E+01 	2.610698E+02 	6.028759E-02 
3.000000E+02 	2.200000E+01 	2.629440E-02 	5.101587E-04 	1.978679E+01 	2.610698E+02 	7.579119E-02 
3.000000E+02 	2.300000E+01 	2.815520E-02 	5.109779E-04 	2.488600E+01 	2.610698E+02 	9.532317E-02 
3.000000E+02 	2.400000E+01 	3.042363E-02 	5.117553E-04 	3.131755E+01 	2.610698E+02 	1.199585E-01 
3.000000E+02 	2.500000E+01 	3.117391E-02 	5.124799E-04 	3.943161E+01 	2.610698E+02 	1.510386E-01 
3.000000E+02 	2.600000E+01 	3.376278E-02 	5.131125E-04 	4.969096E+01 	2.610698E+02 	1.903359E-01 
3.000000E+02 	2.700000E+01 	3.515407E-02 	5.136080E-04 	6.267794E+01 	2.610698E+02 	2.400812E-01 
3.000000E+02 	2.800000E+01 	3.834878E-02 	5.139019E-04 	7.914411E+01 	2.610698E+02 	3.031531E-01 
3.000000E+02 	2.900000E+01 	4.050853E-02 	5.138967E-04 	1.000644E+02 	2.610698E+02 	3.832860E-01 
3.000000E+02 	3.000000E+01 	4.475101E-02 	5.134625E-04 	1.266879E+02 	2.610698E+02 	4.852645E-01 
3.000000E+02 	3.100000E+01 	4.819456E-02 	5.123691E-04 	1.606758E+02 	2.610698E+02 	6.154515E-01 
3.000000E+02 	3.200000E+01 	5.299287E-02 	5.101393E-04 	2.042862E+02 	2.610698E+02 	7.824965E-01 
3.000000E+02 	3.300000E+01 	6.137990E-02 	5.048924E-04 	2.610698E+02 	2.610698E+02 	1.000000E+00 
4.000000E+02 	0.000000E+00 	5.563016E-02 	4.962189E-04 	1.906605E-01 	2.860555E+02 	6.665158E-04 
4.000000E+02 	1.000000E+00 	5.514687E-02 	4.959278E-04 	2.358614E-01 	2.860555E+02 	8.245302E-04 
4.000000E+02 	2.000000E+00 	5.737494E-02 	4.958069E-04 	2.924363E-01 	2.860555E+02 	1.022306E-03 
4.000000E+02 	3.000000E+00 	5.961842E-02 	4.958368E-04 	3.632675E-01 	2.860555E+02 	1.269920E-03 
4.000000E+02 	4.000000E+00 	6.203724E-02 	4.960156E-04 	4.521600E-01 	2.860555E+02 	1.580672E-03 
4.000000E+02 	5.000000E+00 	6.395784E-02 	4.962884E-04 	5.631591E-01 	2.860555E+02 	1.968706E-03 
4.000000E+02 	6.000000E+00 	6.597761E-02 	5.001369E-04 	7.345271E-01 	2.860555E+02 	2.567778E-03 
4.000000E+02 	7.000000E+00 	6.774229E-02 	5.006288E-04 	9.171469E-01 	2.860555E+02 	3.206185E-03 
4.000000E+02 	8.000000E+00 	6.950620E-02 	5.012188E-04 	1.146431E+00 	2.860555E+02 	4.007722E-03 
4.000000E+02 	9.000000E+00 	2.025711E-02 	5.018813E-04 	1.434044E+00 	2.860555E+02 	5.013167E-03 
4.000000E+02 	1.000000E+01 	2.057883E-02 	5.026013E-04 	1.794729E+00 	2.860555E+02 	6.274059E-03 
4.000000E+02 	1.100000E+01 	2.027860E-02 	5.033980E-04 	2.248401E+00 	2.860555E+02 	7.860017E-03 
4.000000E+02 	1.200000E+01 	2.046192E-02 	5.042399E-04 	2.818362E+00 	2.860555E+02 	9.852501E-03 
4.000000E+02 	1.300000E+01 	2.099628E-02 	5.051205E-04 	3.534571E+00 	2.860555E+02 	1.235624E-02 
4.000000E+02 	1.400000E+01 	2.184452E-02 	5.060308E-04 	4.434731E+00 	2.860555E+02 	1.550304E-02 
4.000000E+02 	1.500000E+01 	2.299411E-02 	5.069626E-04 	5.566270E+00 	2.860555E+02 	1.945871E-02 
4.000000E+02 	1.600000E+01 	2.257303E-02 	5.078941E-04 	6.986755E+00 	2.860555E+02 	2.442447E-02 
4.000000E+02 	1.700000E+01 	2.373555E-02 	5.088538E-04 	8.776916E+00 	2.860555E+02 	3.068256E-02 
4.000000E+02 	1.800000E+01 	2.520782E-02 	5.098071E-04 	1.102649E+01 	2.860555E+02 	3.854668E-02 
4.000000E+02 	1.900000E+01 	2.516752E-02 	5.107474E-04 	1.385297E+01 	2.860555E+02 	4.842756E-02 
4.000000E+02 	2.000000E+01 	2.673042E-02 	5.117109E-04 	1.743926E+01 	2.860555E+02 	6.096460E-02 
4.000000E+02 	2.100000E+01 	2.871866E-02 	5.126223E-04 	2.192820E+01 	2.860555E+02 	7.665715E-02 
4.000000E+02 	2.200000E+01 	2.912033E-02 	5.135105E-04 	2.757854E+01 	2.860555E+02 	9.640975E-02 
4.000000E+02 	2.300000E+01 	3.127532E-02 	5.143522E-04 	3.469850E+01 	2.860555E+02 	1.212999E-01 
4.000000E+02 	2.400000E+01 	3.387711E-02 	5.151286E-04 	4.367715E+01 	2.860555E+02 	1.526877E-01 
4.000000E+02 	2.500000E+01 	3.477395E-02 	5.158101E-04 	5.501111E+01 	2.860555E+02 	1.923092E-01 
4.000000E+02 	2.600000E+01 	3.799795E-02 	5.164780E-04 	6.959898E+01 	2.860555E+02 	2.433059E-01 
4.000000E+02 	2.700000E+01 	3.957618E-02 	5.168288E-04 	8.782858E+01 	2.860555E+02 	3.070334E-01 
4.000000E+02 	2.800000E+01 	4.348237E-02 	5.169021E-04 	1.109060E+02 	2.860555E+02 	3.877080E-01 
4.000000E+02 	2.900000E+01 	4.596906E-02 	5.165819E-04 	1.402124E+02 	2.860555E+02 	4.901580E-01 
4.000000E+02 	3.000000E+01 	4.927833E-02 	5.157037E-04 	1.774961E+02 	2.860555E+02 	6.204953E-01 
4.000000E+02 	3.100000E+01 	5.538732E-02 	5.139615E-04 	2.250561E+02 	2.860555E+02 	7.867568E-01 
4.000000E+02 	3.200000E+01 	6.153612E-02 	5.106412E-04 	2.860555E+02 	2.860555E+02 	1.000000E+00 
5.000000E+02 	0.000000E+00 	6.384028E-02 	4.965558E-04 	2.531652E-01 	3.956402E+02 	6.398875E-04 
5.000000E+02 	1.000000E+00 	6.646781E-02 	4.963451E-04 	3.135264E-01 	3.956402E+02 	7.924533E-04 
5.000000E+02 	2.000000E+00 	6.849465E-02 	4.962820E-04 	3.889038E-01 	3.956402E+02 	9.829734E-04 
5.000000E+02 	3.000000E+00 	7.050354E-02 	4.996347E-04 	5.045013E-01 	3.956402E+02 	1.275152E-03 
5.000000E+02 	4.000000E+00 	6.926649E-02 	4.998710E-04 	6.279086E-01 	3.956402E+02 	1.587070E-03 
5.000000E+02 	5.000000E+00 	7.100868E-02 	5.002470E-04 	7.827402E-01 	3.956402E+02 	1.978414E-03 
5.000000E+02 	6.000000E+00 	7.251028E-02 	5.007487E-04 	9.771143E-01 	3.956402E+02 	2.469704E-03 
5.000000E+02 	7.000000E+00 	7.420258E-02 	5.013670E-04 	1.221240E+00 	3.956402E+02 	3.086744E-03 
5.000000E+02 	8.000000E+00 	7.540986E-02 	5.020347E-04 	1.526537E+00 	3.956402E+02 	3.858397E-03 
5.000000E+02 	9.000000E+00 	2.216737E-02 	5.028221E-04 	1.910528E+00 	3.956402E+02 	4.828953E-03 
5.000000E+02 	1.000000E+01 	2.254478E-02 	5.036955E-04 	2.393767E+00 	3.956402E+02 	6.050363E-03 
5.000000E+02 	1.100000E+01 	2.210349E-02 	5.046357E-04 	3.001025E+00 	3.956402E+02 	7.585238E-03 
5.000000E+02 	1.200000E+01 	2.257887E-02 	5.056779E-04 	3.774905E+00 	3.956402E+02 	9.541257E-03 
5.000000E+02 	1.300000E+01 	2.343505E-02 	5.067174E-04 	4.738980E+00 	3.956402E+02 	1.197800E-02 
5.000000E+02 	1.400000E+01 	2.328593E-02 	5.077674E-04 	5.948314E+00 	3.956402E+02 	1.503466E-02 
5.000000E+02 	1.500000E+01 	2.422389E-02 	5.119194E-04 	7.755752E+00 	3.956402E+02 	1.960304E-02 
5.000000E+02 	1.600000E+01 	2.555194E-02 	5.129433E-04 	9.739185E+00 	3.956402E+02 	2.461627E-02 
5.000000E+02 	1.700000E+01 	2.555219E-02 	5.139540E-04 	1.223233E+01 	3.956402E+02 	3.091781E-02 
5.000000E+02 	1.800000E+01 	2.703533E-02 	5.149494E-04 	1.536704E+01 	3.956402E+02 	3.884095E-02 
5.000000E+02 	1.900000E+01 	2.897849E-02 	5.159092E-04 	1.930311E+01 	3.956402E+02 	4.878956E-02 
5.000000E+02 	2.000000E+01 	2.931337E-02 	5.142571E-04 	2.350443E+01 	3.956402E+02 	5.940860E-02 
5.000000E+02 	2.100000E+01 	3.147979E-02 	5.152484E-04 	2.957026E+01 	3.956402E+02 	7.474028E-02 
5.000000E+02 	2.200000E+01 	3.219157E-02 	5.161849E-04 	3.720297E+01 	3.956402E+02 	9.403233E-02 
5.000000E+02 	2.300000E+01 	3.475695E-02 	5.170479E-04 	4.681904E+01 	3.956402E+02 	1.183374E-01 
5.000000E+02 	2.400000E+01 	3.596498E-02 	5.178108E-04 	5.894118E+01 	3.956402E+02 	1.489767E-01 
5.000000E+02 	2.500000E+01 	3.909830E-02 	5.184365E-04 	7.423419E+01 	3.956402E+02 	1.876306E-01 
5.000000E+02 	2.600000E+01 	4.089837E-02 	5.188744E-04 	9.354552E+01 	3.956402E+02 	2.364409E-01 
5.000000E+02 	2.700000E+01 	4.483920E-02 	5.190545E-04 	1.179565E+02 	3.956402E+02 	2.981408E-01 
5.000000E+02 	2.800000E+01 	4.742755E-02 	5.188850E-04 	1.488529E+02 	3.956402E+02 	3.762330E-01 
5.000000E+02 	2.900000E+01 	5.067443E-02 	5.182273E-04 	1.880069E+02 	3.956402E+02 	4.751967E-01 
5.000000E+02 	3.000000E+01 	5.654151E-02 	5.168861E-04 	2.376921E+02 	3.956402E+02 	6.007784E-01 
5.000000E+02 	3.100000E+01 	6.074345E-02 	5.144828E-04 	3.008647E+02 	3.956402E+02 	7.604503E-01 
5.000000E+02 	3.200000E+01 	6.738012E-02 	5.115120E-04 	3.956402E+02 	3.956402E+02 	1.000000E+00 
6.000000E+02 	0.000000E+00 	7.719555E-02 	4.998814E-04 	3.432893E-01 	5.162938E+02 	6.649108E-04 
6.000000E+02 	1.000000E+00 	7.981801E-02 	4.996139E-04 	4.247760E-01 	5.162938E+02 	8.227409E-04 
6.000000E+02 	2.000000E+00 	8.133908E-02 	4.996048E-04 	5.273348E-01 	5.162938E+02 	1.021385E-03 
6.000000E+02 	3.000000E+00 	8.218404E-02 	4.997389E-04 	6.554622E-01 	5.162938E+02 	1.269553E-03 
6.000000E+02 	4.000000E+00 	7.953044E-02 	5.000452E-04 	8.164938E-01 	5.162938E+02 	1.581452E-03 
6.000000E+02 	5.000000E+00 	8.075382E-02 	5.005134E-04 	1.018722E+00 	5.162938E+02 	1.973144E-03 
6.000000E+02 	6.000000E+00 	8.202192E-02 	5.011132E-04 	1.272800E+00 	5.162938E+02 	2.465263E-03 
6.000000E+02 	7.000000E+00 	8.286267E-02 	5.056045E-04 	1.665942E+00 	5.162938E+02 	3.226733E-03 
6.000000E+02 	8.000000E+00 	2.500496E-02 	5.064295E-04 	2.084530E+00 	5.162938E+02 	4.037488E-03 
6.000000E+02 	9.000000E+00 	2.417931E-02 	5.073480E-04 	2.610659E+00 	5.162938E+02 	5.056538E-03 
6.000000E+02 	1.000000E+01 	2.457778E-02 	5.083470E-04 	3.271951E+00 	5.162938E+02 	6.337382E-03 
6.000000E+02 	1.100000E+01 	2.552988E-02 	5.094090E-04 	4.103477E+00 	5.162938E+02 	7.947949E-03 
6.000000E+02 	1.200000E+01 	2.479175E-02 	5.105051E-04 	5.147501E+00 	5.162938E+02 	9.970100E-03 
6.000000E+02 	1.300000E+01 	2.580784E-02 	5.116526E-04 	6.462760E+00 	5.162938E+02 	1.251760E-02 
6.000000E+02 	1.400000E+01 	2.550527E-02 	5.128156E-04 	8.116004E+00 	5.162938E+02 	1.571974E-02 
6.000000E+02 	1.500000E+01 	2.662409E-02 	5.139847E-04 	1.019532E+01 	5.162938E+02 	1.974713E-02 
6.000000E+02 	1.600000E+01 	2.828443E-02 	5.151336E-04 	1.280667E+01 	5.162938E+02 	2.480500E-02 
6.000000E+02 	1.700000E+01 	2.817915E-02 	5.162835E-04 	1.609885E+01 	5.162938E+02 	3.118157E-02 
6.000000E+02 	1.800000E+01 	2.993638E-02 	5.173985E-04 	2.023678E+01 	5.162938E+02 	3.919625E-02 
6.000000E+02 	1.900000E+01 	3.217383E-02 	5.184731E-04 	2.544218E+01 	5.162938E+02 	4.927849E-02 
6.000000E+02 	2.000000E+01 	3.230629E-02 	5.194939E-04 	3.198986E+01 	5.162938E+02 	6.196057E-02 
6.000000E+02 	2.100000E+01 	3.503434E-02 	5.205467E-04 	4.035562E+01 	5.162938E+02 	7.816406E-02 
6.000000E+02 	2.200000E+01 	3.564405E-02 	5.214200E-04 	5.076430E+01 	5.162938E+02 	9.832444E-02 
6.000000E+02 	2.300000E+01 	3.866062E-02 	5.221846E-04 	6.386197E+01 	5.162938E+02 	1.236931E-01 
6.000000E+02 	2.400000E+01 	3.981020E-02 	5.228092E-04 	8.036072E+01 	5.162938E+02 	1.556492E-01 
6.000000E+02 	2.500000E+01 	4.347754E-02 	5.232494E-04 	1.011583E+02 	5.162938E+02 	1.959317E-01 
6.000000E+02 	2.600000E+01 	4.529925E-02 	5.234461E-04 	1.273976E+02 	5.162938E+02 	2.467541E-01 
6.000000E+02 	2.700000E+01 	4.775385E-02 	5.233192E-04 	1.605344E+02 	5.162938E+02 	3.109361E-01 
6.000000E+02 	2.800000E+01 	5.266284E-02 	5.227641E-04 	2.024305E+02 	5.162938E+02 	3.920839E-01 
6.000000E+02 	2.900000E+01 	5.622536E-02 	5.216247E-04 	2.554620E+02 	5.162938E+02 	4.947997E-01 
6.000000E+02 	3.000000E+01 	6.078489E-02 	5.196719E-04 	3.226565E+02 	5.162938E+02 	6.249475E-01 
6.000000E+02 	3.100000E+01 	6.581221E-02 	5.164438E-04 	4.079233E+02 	5.162938E+02 	7.900992E-01 
6.000000E+02 	3.200000E+01 	7.757260E-02 	5.105452E-04 	5.162938E+02 	5.162938E+02 	1.000000E+00 
7.000000E+02 	0.000000E+00 	9.812864E-02 	4.990949E-04 	3.511206E-01 	7.083211E+02 	4.957082E-04 
7.000000E+02 	1.000000E+00 	9.810937E-02 	4.986555E-04 	4.335338E-01 	7.083211E+02 	6.120583E-04 
7.000000E+02 	2.000000E+00 	9.751491E-02 	5.022788E-04 	5.637720E-01 	7.083211E+02 	7.959272E-04 
7.000000E+02 	3.000000E+00 	9.687740E-02 	5.022659E-04 	6.997516E-01 	7.083211E+02 	9.879017E-04 
7.000000E+02 	4.000000E+00 	9.194345E-02 	5.023975E-04 	8.696312E-01 	7.083211E+02 	1.227736E-03 
7.000000E+02 	5.000000E+00 	9.267406E-02 	5.027685E-04 	1.083609E+00 	7.083211E+02 	1.529827E-03 
7.000000E+02 	6.000000E+00 	9.258743E-02 	5.033004E-04 	1.352139E+00 	7.083211E+02 	1.908935E-03 
7.000000E+02 	7.000000E+00 	9.259517E-02 	5.039646E-04 	1.688804E+00 	7.083211E+02 	2.384235E-03 
7.000000E+02 	8.000000E+00 	9.297997E-02 	5.047841E-04 	2.112885E+00 	7.083211E+02 	2.982948E-03 
7.000000E+02 	9.000000E+00 	2.639534E-02 	5.096868E-04 	2.770800E+00 	7.083211E+02 	3.911785E-03 
7.000000E+02 	1.000000E+01 	2.675221E-02 	5.107288E-04 	3.471150E+00 	7.083211E+02 	4.900532E-03 
7.000000E+02 	1.100000E+01 	2.635520E-02 	5.118423E-04 	4.350946E+00 	7.083211E+02 	6.142618E-03 
7.000000E+02 	1.200000E+01 	2.694743E-02 	5.130371E-04 	5.459035E+00 	7.083211E+02 	7.707006E-03 
7.000000E+02 	1.300000E+01 	2.816491E-02 	5.142772E-04 	6.852123E+00 	7.083211E+02 	9.673752E-03 
7.000000E+02 	1.400000E+01 	2.754800E-02 	5.155463E-04 	8.604238E+00 	7.083211E+02 	1.214737E-02 
7.000000E+02 	1.500000E+01 	2.893493E-02 	5.168269E-04 	1.080800E+01 	7.083211E+02 	1.525862E-02 
7.000000E+02 	1.600000E+01 	2.881000E-02 	5.180542E-04 	1.357002E+01 	7.083211E+02 	1.915801E-02 
7.000000E+02 	1.700000E+01 	3.041024E-02 	5.193140E-04 	1.705546E+01 	7.083211E+02 	2.407871E-02 
7.000000E+02 	1.800000E+01 	3.255977E-02 	5.205333E-04 	2.143790E+01 	7.083211E+02 	3.026579E-02 
7.000000E+02 	1.900000E+01 	3.248802E-02 	5.217027E-04 	2.694957E+01 	7.083211E+02 	3.804711E-02 
7.000000E+02 	2.000000E+01 	3.502447E-02 	5.227958E-04 	3.387092E+01 	7.083211E+02 	4.781860E-02 
7.000000E+02 	2.100000E+01 	3.540144E-02 	5.238270E-04 	4.259464E+01 	7.083211E+02 	6.013465E-02 
7.000000E+02 	2.200000E+01 	3.828532E-02 	5.247581E-04 	5.355597E+01 	7.083211E+02 	7.560973E-02 
7.000000E+02 	2.300000E+01 	3.912724E-02 	5.255718E-04 	6.734184E+01 	7.083211E+02 	9.507247E-02 
7.000000E+02 	2.400000E+01 	4.259973E-02 	5.262350E-04 	8.466380E+01 	7.083211E+02 	1.195274E-01 
7.000000E+02 	2.500000E+01 	4.400924E-02 	5.267160E-04 	1.064770E+02 	7.083211E+02 	1.503231E-01 
7.000000E+02 	2.600000E+01 	4.600131E-02 	5.269639E-04 	1.339407E+02 	7.083211E+02 	1.890960E-01 
7.000000E+02 	2.700000E+01 	5.042755E-02 	5.269086E-04 	1.685378E+02 	7.083211E+02 	2.379398E-01 
7.000000E+02 	2.800000E+01 	5.333224E-02 	5.265291E-04 	2.127560E+02 	7.083211E+02 	3.003666E-01 
7.000000E+02 	2.900000E+01 	5.679584E-02 	5.255660E-04 	2.679369E+02 	7.083211E+02 	3.782704E-01 
7.000000E+02 	3.000000E+01 	6.321943E-02 	5.239186E-04 	3.375911E+02 	7.083211E+02 	4.766074E-01 
7.000000E+02 	3.100000E+01 	6.721528E-02 	5.213282E-04 	4.255457E+02 	7.083211E+02 	6.007808E-01 
7.000000E+02 	3.200000E+01 	7.302837E-02 	5.172430E-04 	5.366109E+02 	7.083211E+02 	7.575814E-01 
7.000000E+02 	3.300000E+01 	8.739266E-02 	5.113668E-04 	7.083211E+02 	7.083211E+02 	1.000000E+00 
8.000000E+02 	0.000000E+00 	1.385847E-01 	5.032071E-04 	3.733821E-01 	9.099639E+02 	4.103263E-04 
8.000000E+02 	1.000000E+00 	1.307498E-01 	5.023124E-04 	4.584947E-01 	9.099639E+02 	5.038603E-04 
8.000000E+02 	2.000000E+00 	1.245389E-01 	5.017469E-04 	5.652442E-01 	9.099639E+02 	6.211721E-04 
8.000000E+02 	3.000000E+00 	1.150773E-01 	5.014826E-04 	6.991837E-01 	9.099639E+02 	7.683642E-04 
8.000000E+02 	4.000000E+00 	1.120522E-01 	5.054440E-04 	9.112723E-01 	9.099639E+02 	1.001438E-03 
8.000000E+02 	5.000000E+00 	1.094263E-01 	5.056242E-04 	1.132676E+00 	9.099639E+02 	1.244748E-03 
8.000000E+02 	6.000000E+00 	1.078182E-01 	5.060273E-04 	1.411315E+00 	9.099639E+02 	1.550957E-03 
8.000000E+02 	7.000000E+00 	1.059157E-01 	5.065746E-04 	1.759843E+00 	9.099639E+02 	1.933970E-03 
8.000000E+02 	8.000000E+00 	1.049442E-01 	5.073140E-04 	2.198047E+00 	9.099639E+02 	2.415532E-03 
8.000000E+02 	9.000000E+00 	2.868044E-02 	5.082230E-04 	2.750014E+00 	9.099639E+02 	3.022113E-03 
8.000000E+02 	1.000000E+01 	2.885936E-02 	5.092689E-04 	3.443846E+00 	9.099639E+02 	3.784596E-03 
8.000000E+02 	1.100000E+01 	2.851644E-02 	5.104208E-04 	4.315616E+00 	9.099639E+02 	4.742623E-03 
8.000000E+02 	1.200000E+01 	2.912664E-02 	5.116853E-04 	5.414219E+00 	9.099639E+02 	5.949927E-03 
8.000000E+02 	1.300000E+01 	3.046351E-02 	5.171148E-04 	7.117321E+00 	9.099639E+02 	7.821542E-03 
8.000000E+02 	1.400000E+01 	2.968630E-02 	5.184754E-04 	8.934574E+00 	9.099639E+02 	9.818603E-03 
8.000000E+02 	1.500000E+01 	3.141875E-02 	5.198464E-04 	1.121696E+01 	9.099639E+02 	1.232682E-02 
8.000000E+02 	1.600000E+01 	3.095130E-02 	5.212370E-04 	1.409345E+01 	9.099639E+02 	1.548792E-02 
8.000000E+02 	1.700000E+01 	3.289069E-02 	5.226043E-04 	1.770866E+01 	9.099639E+02 	1.946084E-02 
8.000000E+02 	1.800000E+01 	3.270496E-02 	5.238948E-04 	2.224148E+01 	9.099639E+02 	2.444216E-02 
8.000000E+02 	1.900000E+01 	3.507690E-02 	5.251577E-04 	2.794829E+01 	9.099639E+02 	3.071363E-02 
8.000000E+02 	2.000000E+01 	3.536800E-02 	5.264377E-04 	3.523114E+01 	9.099639E+02 	3.871707E-02 
8.000000E+02 	2.100000E+01 	3.812444E-02 	5.275470E-04 	4.429021E+01 	9.099639E+02 	4.867249E-02 
8.000000E+02 	2.200000E+01 	3.870474E-02 	5.285422E-04 	5.566560E+01 	9.099639E+02 	6.117342E-02 
8.000000E+02 	2.300000E+01 	4.203176E-02 	5.294070E-04 	6.995814E+01 	9.099639E+02 	7.688013E-02 
8.000000E+02 	2.400000E+01 	4.309819E-02 	5.301160E-04 	8.791435E+01 	9.099639E+02 	9.661301E-02 
8.000000E+02 	2.500000E+01 	4.471138E-02 	5.306359E-04 	1.104736E+02 	9.099639E+02 	1.214044E-01 
8.000000E+02 	2.600000E+01 	4.882818E-02 	5.279176E-04 	1.334618E+02 	9.099639E+02 	1.466671E-01 
8.000000E+02 	2.700000E+01 	5.106778E-02 	5.280180E-04 	1.677635E+02 	9.099639E+02 	1.843628E-01 
8.000000E+02 	2.800000E+01 	5.408840E-02 	5.279062E-04 	2.119133E+02 	9.099639E+02 	2.328810E-01 
8.000000E+02 	2.900000E+01 	5.965523E-02 	5.271692E-04 	2.662717E+02 	9.099639E+02 	2.926179E-01 
8.000000E+02 	3.000000E+01 	6.216758E-02 	5.258520E-04 	3.345330E+02 	9.099639E+02 	3.676333E-01 
8.000000E+02 	3.100000E+01 	6.949177E-02 	5.262034E-04 	4.374265E+02 	9.099639E+02 	4.807075E-01 
8.000000E+02 	3.200000E+01 	7.396030E-02 	5.229240E-04 	5.499131E+02 	9.099639E+02 	6.043241E-01 
8.000000E+02 	3.300000E+01 	8.542471E-02 	5.179350E-04 	6.910383E+02 	9.099639E+02 	7.594129E-01 
8.000000E+02 	3.400000E+01 	9.705850E-02 	5.102035E-04 	9.099639E+02 	9.099639E+02 	1.000000E+00 
9.000000E+02 	0.000000E+00 	2.006487E-01 	5.026025E-04 	4.532271E-01 	1.144750E+03 	3.959180E-04 
9.000000E+02 	1.000000E+00 	1.784809E-01 	5.060101E-04 	5.874856E-01 	1.144750E+03 	5.131999E-04 
9.000000E+02 	2.000000E+00 	1.591040E-01 	5.056265E-04 	7.260662E-01 	1.144750E+03 	6.342574E-04 
9.000000E+02 	3.000000E+00 	1.445323E-01 	5.054906E-04 	9.000139E-01 	1.144750E+03 	7.862100E-04 
9.000000E+02 	4.000000E+00 	1.352122E-01 	5.056057E-04 	1.118800E+00 	1.144750E+03 	9.773313E-04 
9.000000E+02 	5.000000E+00 	1.265035E-01 	5.059054E-04 	1.392337E+00 	1.144750E+03 	1.216280E-03 
9.000000E+02 	6.000000E+00 	1.212435E-01 	5.063807E-04 	1.735603E+00 	1.144750E+03 	1.516142E-03 
9.000000E+02 	7.000000E+00 	1.176638E-01 	5.112238E-04 	2.276382E+00 	1.144750E+03 	1.988541E-03 
9.000000E+02 	8.000000E+00 	3.003794E-02 	5.120765E-04 	2.845068E+00 	1.144750E+03 	2.485318E-03 
9.000000E+02 	9.000000E+00 	3.042771E-02 	5.130993E-04 	3.561077E+00 	1.144750E+03 	3.110790E-03 
9.000000E+02 	1.000000E+01 	2.989596E-02 	5.142612E-04 	4.461469E+00 	1.144750E+03 	3.897330E-03 
9.000000E+02 	1.100000E+01 	3.091918E-02 	5.154816E-04 	5.589545E+00 	1.144750E+03 	4.882765E-03 
9.000000E+02 	1.200000E+01 	3.035454E-02 	5.168516E-04 	7.013300E+00 	1.144750E+03 	6.126491E-03 
9.000000E+02 	1.300000E+01 	3.170731E-02 	5.182858E-04 	8.804460E+00 	1.144750E+03 	7.691164E-03 
9.000000E+02 	1.400000E+01 	3.123097E-02 	5.197616E-04 	1.105782E+01 	1.144750E+03 	9.659594E-03 
9.000000E+02 	1.500000E+01 	3.306712E-02 	5.212403E-04 	1.388832E+01 	1.144750E+03 	1.213219E-02 
9.000000E+02 	1.600000E+01 	3.282306E-02 	5.227283E-04 	1.745566E+01 	1.144750E+03 	1.524845E-02 
9.000000E+02 	1.700000E+01 	3.491709E-02 	5.241440E-04 	2.192670E+01 	1.144750E+03 	1.915414E-02 
9.000000E+02 	1.800000E+01 	3.494305E-02 	5.255480E-04 	2.756408E+01 	1.144750E+03 	2.407869E-02 
9.000000E+02 	1.900000E+01 	3.759197E-02 	5.268541E-04 	3.463791E+01 	1.144750E+03 	3.025806E-02 
9.000000E+02 	2.000000E+01 	3.795078E-02 	5.280873E-04 	4.354733E+01 	1.144750E+03 	3.804091E-02 
9.000000E+02 	2.100000E+01 	4.105029E-02 	5.292005E-04 	5.473454E+01 	1.144750E+03 	4.781353E-02 
9.000000E+02 	2.200000E+01 	4.180139E-02 	5.301763E-04 	6.878619E+01 	1.144750E+03 	6.008839E-02 
9.000000E+02 	2.300000E+01 	4.306350E-02 	5.309903E-04 	8.642959E+01 	1.144750E+03 	7.550084E-02 
9.000000E+02 	2.400000E+01 	4.683433E-02 	5.316131E-04 	1.085752E+02 	1.144750E+03 	9.484621E-02 
9.000000E+02 	2.500000E+01 	4.883390E-02 	5.321424E-04 	1.369157E+02 	1.144750E+03 	1.196031E-01 
9.000000E+02 	2.600000E+01 	5.111864E-02 	5.322493E-04 	1.718982E+02 	1.144750E+03 	1.501622E-01 
9.000000E+02 	2.700000E+01 	5.604642E-02 	5.320131E-04 	2.157645E+02 	1.144750E+03 	1.884818E-01 
9.000000E+02 	2.800000E+01 	5.907562E-02 	5.313527E-04 	2.707519E+02 	1.144750E+03 	2.365162E-01 
9.000000E+02 	2.900000E+01 	6.155075E-02 	5.301642E-04 	3.396468E+02 	1.144750E+03 	2.966995E-01 
9.000000E+02 	3.000000E+01 	6.818948E-02 	5.283093E-04 	4.258915E+02 	1.144750E+03 	3.720389E-01 
9.000000E+02 	3.100000E+01 	7.216336E-02 	5.255802E-04 	5.336826E+02 	1.144750E+03 	4.662001E-01 
9.000000E+02 	3.200000E+01 	8.159308E-02 	5.238543E-04 	6.975452E+02 	1.144750E+03 	6.093428E-01 
9.000000E+02 	3.300000E+01 	8.828951E-02 	5.177051E-04 	8.732889E+02 	1.144750E+03 	7.628643E-01 
9.000000E+02 	3.400000E+01 	1.037878E-01 	5.063360E-04 	1.144750E+03 	1.144750E+03 	1.000000E+00 
1.000000E+03 	0.000000E+00 	1.782561E-01 	5.041274E-04 	4.516870E-01 	1.118209E+03 	4.039379E-04 
1.000000E+03 	1.000000E+00 	1.881909E-01 	5.034799E-04 	5.571157E-01 	1.118209E+03 	4.982214E-04 
1.000000E+03 	2.000000E+00 	1.739195E-01 	5.030416E-04 	6.886782E-01 	1.118209E+03 	6.158761E-04 
1.000000E+03 	3.000000E+00 	1.628175E-01 	5.110395E-04 	9.431971E-01 	1.118209E+03 	8.434891E-04 
1.000000E+03 	4.000000E+00 	1.516261E-01 	5.109863E-04 	1.170665E+00 	1.118209E+03 	1.046911E-03 
1.000000E+03 	5.000000E+00 	1.509404E-01 	5.111789E-04 	1.455969E+00 	1.118209E+03 	1.302054E-03 
1.000000E+03 	6.000000E+00 	1.395470E-01 	5.115785E-04 	1.814136E+00 	1.118209E+03 	1.622359E-03 
1.000000E+03 	7.000000E+00 	1.312536E-01 	5.121831E-04 	2.264106E+00 	1.118209E+03 	2.024761E-03 
1.000000E+03 	8.000000E+00 	3.133872E-02 	5.129808E-04 	2.829409E+00 	1.118209E+03 	2.530304E-03 
1.000000E+03 	9.000000E+00 	3.126234E-02 	5.139428E-04 	3.539078E+00 	1.118209E+03 	3.164952E-03 
1.000000E+03 	1.000000E+01 	3.222577E-02 	5.151778E-04 	4.457865E+00 	1.118209E+03 	3.986612E-03 
1.000000E+03 	1.100000E+01 	3.161779E-02 	5.164524E-04 	5.588890E+00 	1.118209E+03 	4.998073E-03 
1.000000E+03 	1.200000E+01 	3.326832E-02 	5.178265E-04 	7.009508E+00 	1.118209E+03 	6.268513E-03 
1.000000E+03 	1.300000E+01 	3.258927E-02 	5.193042E-04 	8.800271E+00 	1.118209E+03 	7.869970E-03 
1.000000E+03 	1.400000E+01 	3.228979E-02 	5.208405E-04 	1.105270E+01 	1.118209E+03 	9.884288E-03 
1.000000E+03 	1.500000E+01 	3.405752E-02 	5.223953E-04 	1.388282E+01 	1.118209E+03 	1.241523E-02 
1.000000E+03 	1.600000E+01 	3.387611E-02 	5.239318E-04 	1.744011E+01 	1.118209E+03 	1.559647E-02 
1.000000E+03 	1.700000E+01 	3.601658E-02 	5.254836E-04 	2.192379E+01 	1.118209E+03 	1.960616E-02 
1.000000E+03 	1.800000E+01 	3.606298E-02 	5.269816E-04 	2.756088E+01 	1.118209E+03 	2.464734E-02 
1.000000E+03 	1.900000E+01 	3.880442E-02 	5.283916E-04 	3.463899E+01 	1.118209E+03 	3.097721E-02 
1.000000E+03 	2.000000E+01 	3.913727E-02 	5.297150E-04 	4.355067E+01 	1.118209E+03 	3.894681E-02 
1.000000E+03 	2.100000E+01 	3.992961E-02 	5.309130E-04 	5.474021E+01 	1.118209E+03 	4.895347E-02 
1.000000E+03 	2.200000E+01 	4.307489E-02 	5.319650E-04 	6.879158E+01 	1.118209E+03 	6.151943E-02 
1.000000E+03 	2.300000E+01 	4.426795E-02 	5.328417E-04 	8.642426E+01 	1.118209E+03 	7.728811E-02 
1.000000E+03 	2.400000E+01 	4.820321E-02 	5.335277E-04 	1.085472E+02 	1.118209E+03 	9.707237E-02 
1.000000E+03 	2.500000E+01 	5.007967E-02 	5.340894E-04 	1.367419E+02 	1.118209E+03 	1.222865E-01 
1.000000E+03 	2.600000E+01 	5.226780E-02 	5.342706E-04 	1.716225E+02 	1.118209E+03 	1.534798E-01 
1.000000E+03 	2.700000E+01 	5.492010E-02 	5.341189E-04 	2.152228E+02 	1.118209E+03 	1.924710E-01 
1.000000E+03 	2.800000E+01 	6.017529E-02 	5.335738E-04 	2.697951E+02 	1.118209E+03 	2.412743E-01 
1.000000E+03 	2.900000E+01 	6.233101E-02 	5.325445E-04 	3.379877E+02 	1.118209E+03 	3.022581E-01 
1.000000E+03 	3.000000E+01 	6.887624E-02 	5.309174E-04 	4.230812E+02 	1.118209E+03 	3.783561E-01 
1.000000E+03 	3.100000E+01 	7.234240E-02 	5.310848E-04 	5.492863E+02 	1.118209E+03 	4.912197E-01 
1.000000E+03 	3.200000E+01 	8.110054E-02 	5.275732E-04 	6.868568E+02 	1.118209E+03 	6.142472E-01 
1.000000E+03 	3.300000E+01 	8.613994E-02 	5.226417E-04 	8.571775E+02 	1.118209E+03 	7.665629E-01 
1.000000E+03 	3.400000E+01 	1.004708E-01 	5.170579E-04 	1.118209E+03 	1.118209E+03 	1.000000E+00 
1.100000E+03 	0.000000E+00 	1.265431E-01 	5.068942E-04 	4.589710E-01 	1.375152E+03 	3.337602E-04 
1.100000E+03 	1.000000E+00 	1.338565E-01 	5.061606E-04 	5.658858E-01 	1.375152E+03 	4.115078E-04 
1.100000E+03 	2.000000E+00 	1.389147E-01 	5.056158E-04 	6.989881E-01 	1.375152E+03 	5.082988E-04 
1.100000E+03 	3.000000E+00 	1.432216E-01 	5.137586E-04 	9.554744E-01 	1.375152E+03 	6.948137E-04 
1.100000E+03 	4.000000E+00 	1.661698E-01 	5.136413E-04 	1.185767E+00 	1.375152E+03 	8.622807E-04 
1.100000E+03 	5.000000E+00 	1.542844E-01 	5.137275E-04 	1.474284E+00 	1.375152E+03 	1.072088E-03 
1.100000E+03 	6.000000E+00 	1.437221E-01 	5.140207E-04 	1.835974E+00 	1.375152E+03 	1.335106E-03 
1.100000E+03 	7.000000E+00 	1.345600E-01 	5.145249E-04 	2.290296E+00 	1.375152E+03 	1.665486E-03 
1.100000E+03 	8.000000E+00 	3.244595E-02 	5.151906E-04 	2.858369E+00 	1.375152E+03 	2.078584E-03 
1.100000E+03 	9.000000E+00 	3.385549E-02 	5.160793E-04 	3.574919E+00 	1.375152E+03 	2.599654E-03 
1.100000E+03 	1.000000E+01 	3.340943E-02 	5.171564E-04 	4.476417E+00 	1.375152E+03 	3.255216E-03 
1.100000E+03 	1.100000E+01 	3.305065E-02 	5.183941E-04 	5.610426E+00 	1.375152E+03 	4.079859E-03 
1.100000E+03 	1.200000E+01 	3.480110E-02 	5.197692E-04 	7.037753E+00 	1.375152E+03 	5.117800E-03 
1.100000E+03 	1.300000E+01 	3.436699E-02 	5.213659E-04 	8.880010E+00 	1.375152E+03 	6.457475E-03 
1.100000E+03 	1.400000E+01 	3.406992E-02 	5.228808E-04 	1.114580E+01 	1.375152E+03 	8.105140E-03 
1.100000E+03 	1.500000E+01 	3.614502E-02 	5.245000E-04 	1.400618E+01 	1.375152E+03 	1.018519E-02 
1.100000E+03 	1.600000E+01 	3.584364E-02 	5.261326E-04 	1.760533E+01 	1.375152E+03 	1.280246E-02 
1.100000E+03 	1.700000E+01 	3.592934E-02 	5.277492E-04 	2.213389E+01 	1.375152E+03 	1.609560E-02 
1.100000E+03 	1.800000E+01 	3.825676E-02 	5.292795E-04 	2.780613E+01 	1.375152E+03 	2.022040E-02 
1.100000E+03 	1.900000E+01 	3.853785E-02 	5.307751E-04 	3.497551E+01 	1.375152E+03 	2.543392E-02 
1.100000E+03 	2.000000E+01 	4.152535E-02 	5.321634E-04 	4.397391E+01 	1.375152E+03 	3.197749E-02 
1.100000E+03 	2.100000E+01 	4.207739E-02 	5.334211E-04 	5.527852E+01 	1.375152E+03 	4.019812E-02 
1.100000E+03 	2.200000E+01 	4.308021E-02 	5.345235E-04 	6.947244E+01 	1.375152E+03 	5.051983E-02 
1.100000E+03 	2.300000E+01 	4.669902E-02 	5.354466E-04 	8.728269E+01 	1.375152E+03 	6.347130E-02 
1.100000E+03 	2.400000E+01 	4.810643E-02 	5.361594E-04 	1.096095E+02 	1.375152E+03 	7.970719E-02 
1.100000E+03 	2.500000E+01 	4.994478E-02 	5.366455E-04 	1.375878E+02 	1.375152E+03 	1.000528E-01 
1.100000E+03 	2.600000E+01 	5.460466E-02 	5.369414E-04 	1.730945E+02 	1.375152E+03 	1.258730E-01 
1.100000E+03 	2.700000E+01 	5.695100E-02 	5.368409E-04 	2.170290E+02 	1.375152E+03 	1.578218E-01 
1.100000E+03 	2.800000E+01 	5.849315E-02 	5.363603E-04 	2.718259E+02 	1.375152E+03 	1.976697E-01 
1.100000E+03 	2.900000E+01 	6.415379E-02 	5.354324E-04 	3.402103E+02 	1.375152E+03 	2.473983E-01 
1.100000E+03 	3.000000E+01 	6.793606E-02 	5.339584E-04 	4.253522E+02 	1.375152E+03 	3.093129E-01 
1.100000E+03 	3.100000E+01 	7.538523E-02 	5.318137E-04 	5.311028E+02 	1.375152E+03 	3.862139E-01 
1.100000E+03 	3.200000E+01 	7.965036E-02 	5.288282E-04 	6.619689E+02 	1.375152E+03 	4.813787E-01 
1.100000E+03 	3.300000E+01 	8.535135E-02 	5.294327E-04 	8.932070E+02 	1.375152E+03 	6.495333E-01 
1.100000E+03 	3.400000E+01 	9.756450E-02 	5.232958E-04 	1.111511E+03 	1.375152E+03 	8.082823E-01 
1.100000E+03 	3.500000E+01 	1.108632E-01 	5.139564E-04 	1.375152E+03 	1.375152E+03 	1.000000E+00 
1.200000E+03 	0.000000E+00 	1.013579E-01 	5.099033E-04 	5.780149E-01 	1.774943E+03 	3.256527E-04 
1.200000E+03 	1.000000E+00 	1.044651E-01 	5.093208E-04 	7.141290E-01 	1.774943E+03 	4.023391E-04 
1.200000E+03 	2.000000E+00 	1.067080E-01 	5.089543E-04 	8.845262E-01 	1.774943E+03 	4.983406E-04 
1.200000E+03 	3.000000E+00 	1.662020E-01 	5.087820E-04 	1.097615E+00 	1.774943E+03 	6.183945E-04 
1.200000E+03 	4.000000E+00 	1.603696E-01 	5.174076E-04 	1.504420E+00 	1.774943E+03 	8.475878E-04 
1.200000E+03 	5.000000E+00 	1.726544E-01 	5.175865E-04 	1.872020E+00 	1.774943E+03 	1.054693E-03 
1.200000E+03 	6.000000E+00 	1.565066E-01 	5.179782E-04 	2.333570E+00 	1.774943E+03 	1.314730E-03 
1.200000E+03 	7.000000E+00 	3.374368E-02 	5.185560E-04 	2.911343E+00 	1.774943E+03 	1.640246E-03 
1.200000E+03 	8.000000E+00 	3.374319E-02 	5.193548E-04 	3.638781E+00 	1.774943E+03 	2.050083E-03 
1.200000E+03 	9.000000E+00 	3.535020E-02 	5.203467E-04 	4.552620E+00 	1.774943E+03 	2.564939E-03 
1.200000E+03 	1.000000E+01 	3.502251E-02 	5.214757E-04 	5.698625E+00 	1.774943E+03 	3.210596E-03 
1.200000E+03 	1.100000E+01 	3.471983E-02 	5.228101E-04 	7.144385E+00 	1.774943E+03 	4.025135E-03 
1.200000E+03 	1.200000E+01 	3.452835E-02 	5.242764E-04 	8.963807E+00 	1.774943E+03 	5.050194E-03 
1.200000E+03 	1.300000E+01 	3.668020E-02 	5.259178E-04 	1.130186E+01 	1.774943E+03 	6.367450E-03 
1.200000E+03 	1.400000E+01 	3.640054E-02 	5.275581E-04 	1.419770E+01 	1.774943E+03 	7.998961E-03 
1.200000E+03 	1.500000E+01 	3.636000E-02 	5.291873E-04 	1.782581E+01 	1.774943E+03 	1.004303E-02 
1.200000E+03 	1.600000E+01 	3.873503E-02 	5.308525E-04 	2.241136E+01 	1.774943E+03 	1.262652E-02 
1.200000E+03 	1.700000E+01 	3.881322E-02 	5.324728E-04 	2.817047E+01 	1.774943E+03 	1.587120E-02 
1.200000E+03 	1.800000E+01 	3.925223E-02 	5.340164E-04 	3.540936E+01 	1.774943E+03 	1.994958E-02 
1.200000E+03 	1.900000E+01 	4.215261E-02 	5.354516E-04 	4.450372E+01 	1.774943E+03 	2.507332E-02 
1.200000E+03 	2.000000E+01 	4.286354E-02 	5.367490E-04 	5.592256E+01 	1.774943E+03 	3.150668E-02 
1.200000E+03 	2.100000E+01 	4.398463E-02 	5.378819E-04 	7.025069E+01 	1.774943E+03 	3.957912E-02 
1.200000E+03 	2.200000E+01 	4.758844E-02 	5.388257E-04 	8.821607E+01 	1.774943E+03 	4.970079E-02 
1.200000E+03 	2.300000E+01 	4.905782E-02 	5.395500E-04 	1.107125E+02 	1.774943E+03 	6.237524E-02 
1.200000E+03 	2.400000E+01 	5.090854E-02 	5.400420E-04 	1.388890E+02 	1.774943E+03 	7.824984E-02 
1.200000E+03 	2.500000E+01 	5.540082E-02 	5.402644E-04 	1.741133E+02 	1.774943E+03 	9.809515E-02 
1.200000E+03 	2.600000E+01 	5.635396E-02 	5.402407E-04 	2.185864E+02 	1.774943E+03 	1.231512E-01 
1.200000E+03 	2.700000E+01 	6.165998E-02 	5.397923E-04 	2.736648E+02 	1.774943E+03 	1.541823E-01 
1.200000E+03 	2.800000E+01 	6.474271E-02 	5.389173E-04 	3.421157E+02 	1.774943E+03 	1.927474E-01 
1.200000E+03 	2.900000E+01 	7.146847E-02 	5.375392E-04 	4.272685E+02 	1.774943E+03 	2.407224E-01 
1.200000E+03 	3.000000E+01 	7.431148E-02 	5.355504E-04 	5.328896E+02 	1.774943E+03 	3.002291E-01 
1.200000E+03 	3.100000E+01 	7.963282E-02 	5.328128E-04 	6.634626E+02 	1.774943E+03 	3.737937E-01 
1.200000E+03 	3.200000E+01 	8.607728E-02 	5.291326E-04 	8.240447E+02 	1.774943E+03 	4.642654E-01 
1.200000E+03 	3.300000E+01 	9.408681E-02 	5.287906E-04 	1.111149E+03 	1.774943E+03 	6.260195E-01 
1.200000E+03 	3.400000E+01 	1.046161E-01 	5.214546E-04 	1.375304E+03 	1.774943E+03 	7.748440E-01 
1.200000E+03 	3.500000E+01 	1.190407E-01 	5.113840E-04 	1.774943E+03 	1.774943E+03 	1.000000E+00 
1.300000E+03 	0.000000E+00 	9.595802E-02 	5.147075E-04 	5.963646E-01 	2.313263E+03 	2.578023E-04 
1.300000E+03 	1.000000E+00 	9.986046E-02 	5.140785E-04 	7.371840E-01 	2.313263E+03 	3.186771E-04 
1.300000E+03 	2.000000E+00 	9.925664E-02 	5.136311E-04 	9.125563E-01 	2.313263E+03 	3.944888E-04 
1.300000E+03 	3.000000E+00 	1.120781E-01 	5.133737E-04 	1.132169E+00 	2.313263E+03 	4.894251E-04 
1.300000E+03 	4.000000E+00 	1.138084E-01 	5.132991E-04 	1.406596E+00 	2.313263E+03 	6.080571E-04 
1.300000E+03 	5.000000E+00 	1.754166E-01 	5.134043E-04 	1.750008E+00 	2.313263E+03 	7.565106E-04 
1.300000E+03 	6.000000E+00 	3.506506E-02 	5.136907E-04 	2.180056E+00 	2.313263E+03 	9.424160E-04 
1.300000E+03 	7.000000E+00 	3.547903E-02 	5.141296E-04 	2.716867E+00 	2.313263E+03 	1.174474E-03 
1.300000E+03 	8.000000E+00 	3.560587E-02 	5.148073E-04 	3.394144E+00 	2.313263E+03 	1.467254E-03 
1.300000E+03 	9.000000E+00 	3.566697E-02 	5.246993E-04 	4.678546E+00 	2.313263E+03 	2.022488E-03 
1.300000E+03 	1.000000E+01 	3.567010E-02 	5.257824E-04 	5.855277E+00 	2.313263E+03 	2.531177E-03 
1.300000E+03 	1.100000E+01 	3.566225E-02 	5.270453E-04 	7.335331E+00 	2.313263E+03 	3.170989E-03 
1.300000E+03 	1.200000E+01 	3.775753E-02 	5.284639E-04 	9.197541E+00 	2.313263E+03 	3.976003E-03 
1.300000E+03 	1.300000E+01 	3.753978E-02 	5.300064E-04 	1.154089E+01 	2.313263E+03 	4.989009E-03 
1.300000E+03 	1.400000E+01 	3.754816E-02 	5.317062E-04 	1.454498E+01 	2.313263E+03 	6.287646E-03 
1.300000E+03 	1.500000E+01 	3.761300E-02 	5.333797E-04 	1.826884E+01 	2.313263E+03 	7.897433E-03 
1.300000E+03 	1.600000E+01 	4.015060E-02 	5.350638E-04 	2.295162E+01 	2.313263E+03 	9.921751E-03 
1.300000E+03 	1.700000E+01 	4.032725E-02 	5.366633E-04 	2.881109E+01 	2.313263E+03 	1.245474E-02 
1.300000E+03 	1.800000E+01 	4.077647E-02 	5.382341E-04 	3.621205E+01 	2.313263E+03 	1.565410E-02 
1.300000E+03 	1.900000E+01 	4.391978E-02 	5.396923E-04 	4.549280E+01 	2.313263E+03 	1.966607E-02 
1.300000E+03 	2.000000E+01 	4.454967E-02 	5.410047E-04 	5.713819E+01 	2.313263E+03 	2.470026E-02 
1.300000E+03 	2.100000E+01 	4.552609E-02 	5.421421E-04 	7.173977E+01 	2.313263E+03 	3.101237E-02 
1.300000E+03 	2.200000E+01 	4.683353E-02 	5.430717E-04 	9.002798E+01 	2.313263E+03 	3.891818E-02 
1.300000E+03 	2.300000E+01 	5.070528E-02 	5.437841E-04 	1.129239E+02 	2.313263E+03 	4.881585E-02 
1.300000E+03 	2.400000E+01 	5.238335E-02 	5.442479E-04 	1.415518E+02 	2.313263E+03 	6.119140E-02 
1.300000E+03 	2.500000E+01 	5.443391E-02 	5.444368E-04 	1.773065E+02 	2.313263E+03 	7.664779E-02 
1.300000E+03 	2.600000E+01 	5.942529E-02 	5.443184E-04 	2.219080E+02 	2.313263E+03 	9.592856E-02 
1.300000E+03 	2.700000E+01 	6.206893E-02 	5.438510E-04 	2.774715E+02 	2.313263E+03 	1.199481E-01 
1.300000E+03 	2.800000E+01 	6.521089E-02 	5.429800E-04 	3.465902E+02 	2.313263E+03 	1.498274E-01 
1.300000E+03 	2.900000E+01 	6.888514E-02 	5.416322E-04 	4.323522E+02 	2.313263E+03 	1.869014E-01 
1.300000E+03 	3.000000E+01 	7.320841E-02 	5.397230E-04 	5.386906E+02 	2.313263E+03 	2.328705E-01 
1.300000E+03 	3.100000E+01 	8.101700E-02 	5.371339E-04 	6.700784E+02 	2.313263E+03 	2.896681E-01 
1.300000E+03 	3.200000E+01 	8.701894E-02 	5.337092E-04 	8.317119E+02 	2.313263E+03 	3.595406E-01 
1.300000E+03 	3.300000E+01 	9.430205E-02 	5.292149E-04 	1.029230E+03 	2.313263E+03 	4.449256E-01 
1.300000E+03 	3.400000E+01 	1.034329E-01 	5.277079E-04 	1.386857E+03 	2.313263E+03 	5.995241E-01 
1.300000E+03 	3.500000E+01 	1.156552E-01 	5.188701E-04 	1.706409E+03 	2.313263E+03 	7.376632E-01 
1.300000E+03 	3.600000E+01 	1.339539E-01 	5.063364E-04 	2.313263E+03 	2.313263E+03 	1.000000E+00 
1.400000E+03 	0.000000E+00 	8.620077E-02 	5.208466E-04 	6.184394E-01 	3.026175E+03 	2.043634E-04 
1.400000E+03 	1.000000E+00 	8.769892E-02 	5.201409E-04 	7.643877E-01 	3.026175E+03 	2.525920E-04 
1.400000E+03 	2.000000E+00 	8.649275E-02 	5.196106E-04 	9.460283E-01 	3.026175E+03 	3.126152E-04 
1.400000E+03 	3.000000E+00 	1.290717E-01 	5.192643E-04 	1.173306E+00 	3.026175E+03 	3.877192E-04 
1.400000E+03 	4.000000E+00 	1.304249E-01 	5.190910E-04 	1.457026E+00 	3.026175E+03 	4.814745E-04 
1.400000E+03 	5.000000E+00 	1.312005E-01 	5.190852E-04 	1.811592E+00 	3.026175E+03 	5.986409E-04 
1.400000E+03 	6.000000E+00 	3.564634E-02 	5.192429E-04 	2.254309E+00 	3.026175E+03 	7.449368E-04 
1.400000E+03 	7.000000E+00 	3.601623E-02 	5.195971E-04 	2.810031E+00 	3.026175E+03 	9.285752E-04 
1.400000E+03 	8.000000E+00 	3.631921E-02 	5.201506E-04 	3.506376E+00 	3.026175E+03 	1.158682E-03 
1.400000E+03 	9.000000E+00 	3.650687E-02 	5.208681E-04 	4.376820E+00 	3.026175E+03 	1.446321E-03 
1.400000E+03 	1.000000E+01 	3.675017E-02 	5.218204E-04 	5.474189E+00 	3.026175E+03 	1.808947E-03 
1.400000E+03 	1.100000E+01 	3.686867E-02 	5.229825E-04 	6.854840E+00 	3.026175E+03 	2.265183E-03 
1.400000E+03 	1.200000E+01 	3.921407E-02 	5.243274E-04 	8.591028E+00 	3.026175E+03 	2.838907E-03 
1.400000E+03 	1.300000E+01 	3.917578E-02 	5.258306E-04 	1.077609E+01 	3.026175E+03 	3.560961E-03 
1.400000E+03 	1.400000E+01 	3.916237E-02 	5.274236E-04 	1.351659E+01 	3.026175E+03 	4.466559E-03 
1.400000E+03 	1.500000E+01 	3.939131E-02 	5.291795E-04 	1.703993E+01 	3.026175E+03 	5.630848E-03 
1.400000E+03 	1.600000E+01 	3.968555E-02 	5.309378E-04 	2.140845E+01 	3.026175E+03 	7.074426E-03 
1.400000E+03 	1.700000E+01 	4.252704E-02 	5.327011E-04 	2.690193E+01 	3.026175E+03 	8.889747E-03 
1.400000E+03 	1.800000E+01 	4.288667E-02 	5.344193E-04 	3.380684E+01 	3.026175E+03 	1.117148E-02 
1.400000E+03 	1.900000E+01 	4.351028E-02 	5.360447E-04 	4.247883E+01 	3.026175E+03 	1.403714E-02 
1.400000E+03 	2.000000E+01 	4.440879E-02 	5.375451E-04 	5.336618E+01 	3.026175E+03 	1.763486E-02 
1.400000E+03 	2.100000E+01 	4.793374E-02 	5.388781E-04 	6.702131E+01 	3.026175E+03 	2.214720E-02 
1.400000E+03 	2.200000E+01 	4.908015E-02 	5.400094E-04 	8.413244E+01 	3.026175E+03 	2.780158E-02 
1.400000E+03 	2.300000E+01 	5.054604E-02 	5.409080E-04 	1.055520E+02 	3.026175E+03 	3.487967E-02 
1.400000E+03 	2.400000E+01 	5.232759E-02 	5.415455E-04 	1.323329E+02 	3.026175E+03 	4.372943E-02 
1.400000E+03 	2.500000E+01 	5.688962E-02 	5.418939E-04 	1.657716E+02 	3.026175E+03 	5.477925E-02 
1.400000E+03 	2.600000E+01 	5.916919E-02 	5.490410E-04 	2.259750E+02 	3.026175E+03 	7.467347E-02 
1.400000E+03 	2.700000E+01 	6.189002E-02 	5.485127E-04 	2.822714E+02 	3.026175E+03 	9.327663E-02 
1.400000E+03 	2.800000E+01 	6.519583E-02 	5.475732E-04 	3.520299E+02 	3.026175E+03 	1.163283E-01 
1.400000E+03 	2.900000E+01 	7.155478E-02 	5.462140E-04 	4.388760E+02 	3.026175E+03 	1.450266E-01 
1.400000E+03 	3.000000E+01 	7.571995E-02 	5.443215E-04 	5.462009E+02 	3.026175E+03 	1.804922E-01 
1.400000E+03 	3.100000E+01 	8.059429E-02 	5.418081E-04 	6.788504E+02 	3.026175E+03 	2.243262E-01 
1.400000E+03 	3.200000E+01 	8.630891E-02 	5.385428E-04 	8.421176E+02 	3.026175E+03 	2.782779E-01 
1.400000E+03 	3.300000E+01 	9.310194E-02 	5.343470E-04 	1.041973E+03 	3.026175E+03 	3.443201E-01 
1.400000E+03 	3.400000E+01 	9.980002E-02 	5.289379E-04 	1.284487E+03 	3.026175E+03 	4.244589E-01 
1.400000E+03 	3.500000E+01 	1.132499E-01 	5.260090E-04 	1.730074E+03 	3.026175E+03 	5.717032E-01 
1.400000E+03 	3.600000E+01 	1.252322E-01 	5.153009E-04 	2.114666E+03 	3.026175E+03 	6.987917E-01 
1.400000E+03 	3.700000E+01 	1.476099E-01 	4.956125E-04 	3.026175E+03 	3.026175E+03 	1.000000E+00 
1.500000E+03 	0.000000E+00 	8.784920E-02 	5.186437E-04 	5.856670E-01 	2.779581E+03 	2.107033E-04 
1.500000E+03 	1.000000E+00 	8.901294E-02 	5.179392E-04 	7.239165E-01 	2.779581E+03 	2.604409E-04 
1.500000E+03 	2.000000E+00 	8.749081E-02 	5.173937E-04 	8.958436E-01 	2.779581E+03 	3.222945E-04 
1.500000E+03 	3.000000E+00 	8.684698E-02 	5.170114E-04 	1.110813E+00 	2.779581E+03 	3.996333E-04 
1.500000E+03 	4.000000E+00 	8.651604E-02 	5.259315E-04 	1.524532E+00 	2.779581E+03 	5.484755E-04 
1.500000E+03 	5.000000E+00 	3.595760E-02 	5.258104E-04 	1.894108E+00 	2.779581E+03 	6.814365E-04 
1.500000E+03 	6.000000E+00 	3.652096E-02 	5.258715E-04 	2.356948E+00 	2.779581E+03 	8.479508E-04 
1.500000E+03 	7.000000E+00 	3.704811E-02 	5.261111E-04 	2.935528E+00 	2.779581E+03 	1.056104E-03 
1.500000E+03 	8.000000E+00 	3.750356E-02 	5.265447E-04 	3.660200E+00 	2.779581E+03 	1.316817E-03 
1.500000E+03 	9.000000E+00 	3.788600E-02 	5.271749E-04 	4.568708E+00 	2.779581E+03 	1.643668E-03 
1.500000E+03 	1.000000E+01 	3.820440E-02 	5.280123E-04 	5.708981E+00 	2.779581E+03 	2.053900E-03 
1.500000E+03 	1.100000E+01 	3.845031E-02 	5.290137E-04 	7.135655E+00 	2.779581E+03 	2.567169E-03 
1.500000E+03 	1.200000E+01 	3.867978E-02 	5.302544E-04 	8.937626E+00 	2.779581E+03 	3.215458E-03 
1.500000E+03 	1.300000E+01 	3.891595E-02 	5.316710E-04 	1.120175E+01 	2.779581E+03 	4.030014E-03 
1.500000E+03 	1.400000E+01 	4.165170E-02 	5.332281E-04 	1.404913E+01 	2.779581E+03 	5.054406E-03 
1.500000E+03 	1.500000E+01 	4.174278E-02 	5.348578E-04 	1.761917E+01 	2.779581E+03 	6.338786E-03 
1.500000E+03 	1.600000E+01 	4.211345E-02 	5.365738E-04 	2.212219E+01 	2.779581E+03 	7.958822E-03 
1.500000E+03 	1.700000E+01 	4.253045E-02 	5.383074E-04 	2.778220E+01 	2.779581E+03 	9.995104E-03 
1.500000E+03 	1.800000E+01 	4.318853E-02 	5.400386E-04 	3.500123E+01 	2.779581E+03 	1.259227E-02 
1.500000E+03 	1.900000E+01 	4.398902E-02 	5.416414E-04 	4.395662E+01 	2.779581E+03 	1.581412E-02 
1.500000E+03 	2.000000E+01 	4.736776E-02 	5.431123E-04 	5.518627E+01 	2.779581E+03 	1.985417E-02 
1.500000E+03 	2.100000E+01 	4.836327E-02 	5.444047E-04 	6.925784E+01 	2.779581E+03 	2.491665E-02 
1.500000E+03 	2.200000E+01 	4.963423E-02 	5.454816E-04 	8.687234E+01 	2.779581E+03 	3.125375E-02 
1.500000E+03 	2.300000E+01 	5.118407E-02 	5.463107E-04 	1.088965E+02 	2.779581E+03 	3.917731E-02 
1.500000E+03 	2.400000E+01 	5.557479E-02 	5.468642E-04 	1.363987E+02 	2.779581E+03 	4.907168E-02 
1.500000E+03 	2.500000E+01 	5.751672E-02 	5.471150E-04 	1.706901E+02 	2.779581E+03 	6.140857E-02 
1.500000E+03 	2.600000E+01 	5.983742E-02 	5.470412E-04 	2.133837E+02 	2.779581E+03 	7.676830E-02 
1.500000E+03 	2.700000E+01 	6.257544E-02 	5.466128E-04 	2.664398E+02 	2.779581E+03 	9.585610E-02 
1.500000E+03 	2.800000E+01 	6.587418E-02 	5.457699E-04 	3.320531E+02 	2.779581E+03 	1.194616E-01 
1.500000E+03 	2.900000E+01 	7.217145E-02 	5.445254E-04 	4.135585E+02 	2.779581E+03 	1.487845E-01 
1.500000E+03 	3.000000E+01 	7.627840E-02 	5.427883E-04 	5.140463E+02 	2.779581E+03 	1.849366E-01 
1.500000E+03 	3.100000E+01 	8.104715E-02 	5.404884E-04 	6.376312E+02 	2.779581E+03 	2.293983E-01 
1.500000E+03 	3.200000E+01 	8.659126E-02 	5.435114E-04 	8.605648E+02 	2.779581E+03 	3.096023E-01 
1.500000E+03 	3.300000E+01 	9.309467E-02 	5.394656E-04 	1.064556E+03 	2.779581E+03 	3.829915E-01 
1.500000E+03 	3.400000E+01 	1.039164E-01 	5.343763E-04 	1.312925E+03 	2.779581E+03 	4.723464E-01 
1.500000E+03 	3.500000E+01 	1.116176E-01 	5.278887E-04 	1.611942E+03 	2.779581E+03 	5.799227E-01 
1.500000E+03 	3.600000E+01 	1.215273E-01 	5.231911E-04 	2.169548E+03 	2.779581E+03 	7.805306E-01 
1.500000E+03 	3.700000E+01 	1.420498E-01 	5.111922E-04 	2.779581E+03 	2.779581E+03 	1.000000E+00 
