DE_id        	Tinlet       	StrainRate   
6.000000E+00 	1.500000E+03 	3.700000E+01 
1.600000E+01 	1.500000E+03 	3.700000E+01 
3.300000E+01 	1.500000E+03 	3.700000E+01 
4.000000E+01 	1.500000E+03 	3.700000E+01 
5.600000E+01 	1.500000E+03 	3.700000E+01 
5.800000E+01 	1.500000E+03 	3.700000E+01 
7.200000E+01 	1.500000E+03 	3.700000E+01 
9.300000E+01 	1.500000E+03 	3.700000E+01 
9.700000E+01 	1.500000E+03 	3.700000E+01 
1.080000E+02 	1.500000E+03 	3.700000E+01 
1.160000E+02 	1.500000E+03 	3.700000E+01 
1.260000E+02 	1.500000E+03 	3.700000E+01 
1.270000E+02 	1.500000E+03 	3.700000E+01 
1.590000E+02 	1.500000E+03 	3.700000E+01 
1.600000E+02 	1.500000E+03 	3.700000E+01 
1.640000E+02 	1.500000E+03 	3.700000E+01 
1.650000E+02 	1.500000E+03 	3.700000E+01 
1.680000E+02 	1.500000E+03 	3.700000E+01 
2.440000E+02 	1.500000E+03 	3.700000E+01 
2.450000E+02 	1.500000E+03 	3.700000E+01 
2.480000E+02 	1.500000E+03 	3.700000E+01 
2.810000E+02 	1.500000E+03 	3.700000E+01 
2.890000E+02 	1.500000E+03 	3.700000E+01 
3.490000E+02 	1.500000E+03 	3.700000E+01 
3.570000E+02 	1.500000E+03 	3.700000E+01 
3.850000E+02 	1.500000E+03 	3.700000E+01 
4.190000E+02 	1.500000E+03 	3.700000E+01 
4.460000E+02 	1.500000E+03 	3.700000E+01 
4.570000E+02 	1.500000E+03 	3.700000E+01 
4.870000E+02 	1.500000E+03 	3.700000E+01 
5.110000E+02 	1.500000E+03 	3.700000E+01 
5.370000E+02 	1.500000E+03 	3.700000E+01 
5.960000E+02 	1.500000E+03 	3.700000E+01 
6.010000E+02 	1.500000E+03 	3.700000E+01 
6.030000E+02 	1.500000E+03 	3.700000E+01 
6.100000E+02 	1.500000E+03 	3.700000E+01 
6.180000E+02 	1.500000E+03 	3.600000E+01 
6.330000E+02 	1.500000E+03 	3.700000E+01 
6.610000E+02 	1.500000E+03 	3.700000E+01 
6.710000E+02 	1.500000E+03 	3.700000E+01 
6.720000E+02 	1.500000E+03 	3.700000E+01 
7.440000E+02 	1.500000E+03 	3.700000E+01 
7.550000E+02 	1.500000E+03 	3.700000E+01 
7.900000E+02 	1.500000E+03 	3.700000E+01 
7.980000E+02 	1.500000E+03 	3.700000E+01 
8.010000E+02 	1.500000E+03 	3.700000E+01 
8.060000E+02 	1.500000E+03 	3.700000E+01 
8.320000E+02 	1.500000E+03 	3.700000E+01 
8.740000E+02 	1.500000E+03 	3.700000E+01 
8.960000E+02 	1.500000E+03 	3.700000E+01 
9.420000E+02 	1.500000E+03 	3.700000E+01 
9.940000E+02 	1.500000E+03 	3.700000E+01 
1.103000E+03 	1.500000E+03 	3.700000E+01 
1.124000E+03 	1.500000E+03 	3.700000E+01 
1.143000E+03 	1.500000E+03 	3.700000E+01 
1.184000E+03 	1.500000E+03 	3.700000E+01 
1.215000E+03 	1.500000E+03 	3.700000E+01 
1.262000E+03 	1.500000E+03 	3.700000E+01 
1.274000E+03 	1.500000E+03 	3.700000E+01 
1.298000E+03 	1.500000E+03 	3.700000E+01 
1.307000E+03 	1.500000E+03 	3.700000E+01 
1.361000E+03 	1.500000E+03 	3.700000E+01 
1.387000E+03 	1.500000E+03 	3.700000E+01 
1.408000E+03 	1.500000E+03 	3.700000E+01 
1.426000E+03 	1.500000E+03 	3.700000E+01 
1.435000E+03 	1.500000E+03 	3.700000E+01 
1.463000E+03 	1.500000E+03 	3.700000E+01 
1.514000E+03 	1.500000E+03 	3.700000E+01 
1.569000E+03 	1.500000E+03 	3.700000E+01 
1.575000E+03 	1.500000E+03 	3.700000E+01 
1.592000E+03 	1.500000E+03 	3.700000E+01 
1.620000E+03 	1.500000E+03 	3.700000E+01 
1.664000E+03 	1.500000E+03 	3.600000E+01 
1.686000E+03 	1.500000E+03 	3.700000E+01 
1.704000E+03 	1.500000E+03 	3.700000E+01 
1.707000E+03 	1.500000E+03 	3.700000E+01 
1.717000E+03 	1.500000E+03 	3.700000E+01 
1.761000E+03 	1.500000E+03 	3.700000E+01 
1.773000E+03 	1.500000E+03 	3.700000E+01 
1.780000E+03 	1.500000E+03 	3.700000E+01 
1.813000E+03 	1.500000E+03 	3.700000E+01 
1.824000E+03 	1.500000E+03 	3.700000E+01 
1.938000E+03 	1.500000E+03 	3.700000E+01 
1.953000E+03 	1.500000E+03 	3.700000E+01 
1.973000E+03 	1.500000E+03 	3.700000E+01 
1.985000E+03 	1.500000E+03 	3.700000E+01 
1.998000E+03 	1.500000E+03 	3.700000E+01 
2.108000E+03 	1.500000E+03 	3.700000E+01 
2.207000E+03 	1.500000E+03 	3.700000E+01 
2.233000E+03 	1.500000E+03 	3.700000E+01 
2.262000E+03 	1.500000E+03 	3.700000E+01 
2.300000E+03 	1.500000E+03 	3.700000E+01 
2.313000E+03 	1.500000E+03 	3.700000E+01 
2.315000E+03 	1.500000E+03 	3.700000E+01 
2.321000E+03 	1.500000E+03 	3.700000E+01 
2.324000E+03 	1.500000E+03 	3.700000E+01 
2.328000E+03 	1.500000E+03 	3.700000E+01 
2.359000E+03 	1.500000E+03 	3.700000E+01 
2.362000E+03 	1.500000E+03 	3.700000E+01 
2.375000E+03 	1.500000E+03 	3.700000E+01 
2.390000E+03 	1.500000E+03 	3.700000E+01 
2.467000E+03 	1.500000E+03 	3.700000E+01 
2.534000E+03 	1.500000E+03 	3.700000E+01 
2.586000E+03 	1.500000E+03 	3.700000E+01 
2.704000E+03 	1.500000E+03 	3.700000E+01 
2.725000E+03 	1.500000E+03 	3.700000E+01 
2.738000E+03 	1.500000E+03 	3.700000E+01 
2.775000E+03 	1.500000E+03 	3.700000E+01 
2.790000E+03 	1.500000E+03 	3.700000E+01 
2.839000E+03 	1.500000E+03 	3.700000E+01 
2.854000E+03 	1.500000E+03 	3.700000E+01 
2.876000E+03 	1.500000E+03 	3.700000E+01 
2.892000E+03 	1.500000E+03 	3.700000E+01 
2.904000E+03 	1.500000E+03 	3.700000E+01 
2.911000E+03 	1.500000E+03 	3.700000E+01 
2.913000E+03 	1.500000E+03 	3.700000E+01 
2.932000E+03 	1.500000E+03 	3.700000E+01 
2.984000E+03 	1.500000E+03 	3.700000E+01 
3.060000E+03 	1.500000E+03 	3.700000E+01 
3.062000E+03 	1.500000E+03 	3.700000E+01 
3.110000E+03 	1.500000E+03 	3.700000E+01 
3.133000E+03 	1.500000E+03 	3.700000E+01 
3.248000E+03 	1.500000E+03 	3.700000E+01 
3.278000E+03 	1.500000E+03 	3.700000E+01 
3.366000E+03 	1.500000E+03 	3.700000E+01 
3.398000E+03 	1.500000E+03 	3.700000E+01 
3.422000E+03 	1.500000E+03 	3.700000E+01 
3.457000E+03 	1.500000E+03 	3.700000E+01 
3.480000E+03 	1.500000E+03 	3.700000E+01 
3.517000E+03 	1.500000E+03 	3.700000E+01 
3.521000E+03 	1.500000E+03 	3.700000E+01 
3.526000E+03 	1.500000E+03 	3.700000E+01 
3.592000E+03 	1.500000E+03 	3.700000E+01 
3.594000E+03 	1.500000E+03 	3.700000E+01 
3.596000E+03 	1.500000E+03 	3.700000E+01 
3.602000E+03 	1.500000E+03 	3.700000E+01 
3.619000E+03 	1.500000E+03 	3.700000E+01 
3.635000E+03 	1.500000E+03 	3.700000E+01 
3.653000E+03 	1.500000E+03 	3.700000E+01 
3.675000E+03 	1.500000E+03 	3.700000E+01 
3.754000E+03 	1.500000E+03 	3.700000E+01 
3.769000E+03 	1.500000E+03 	3.700000E+01 
3.846000E+03 	1.500000E+03 	3.700000E+01 
3.922000E+03 	1.500000E+03 	3.700000E+01 
3.936000E+03 	1.500000E+03 	3.700000E+01 
3.937000E+03 	1.500000E+03 	3.700000E+01 
3.979000E+03 	1.500000E+03 	3.700000E+01 
3.988000E+03 	1.500000E+03 	3.700000E+01 
4.022000E+03 	1.500000E+03 	3.700000E+01 
4.074000E+03 	1.500000E+03 	3.700000E+01 
4.110000E+03 	1.500000E+03 	3.700000E+01 
4.113000E+03 	1.500000E+03 	3.700000E+01 
4.125000E+03 	1.500000E+03 	3.700000E+01 
4.239000E+03 	1.500000E+03 	3.700000E+01 
4.257000E+03 	1.500000E+03 	3.700000E+01 
4.273000E+03 	1.500000E+03 	3.700000E+01 
4.276000E+03 	1.500000E+03 	3.700000E+01 
4.284000E+03 	1.500000E+03 	3.700000E+01 
4.309000E+03 	1.500000E+03 	3.700000E+01 
4.316000E+03 	1.500000E+03 	3.700000E+01 
4.354000E+03 	1.500000E+03 	3.700000E+01 
4.414000E+03 	1.500000E+03 	3.700000E+01 
4.442000E+03 	1.500000E+03 	3.700000E+01 
4.461000E+03 	1.500000E+03 	3.700000E+01 
4.466000E+03 	1.500000E+03 	3.700000E+01 
4.520000E+03 	1.500000E+03 	3.700000E+01 
4.536000E+03 	1.500000E+03 	3.700000E+01 
4.604000E+03 	1.500000E+03 	3.700000E+01 
4.688000E+03 	1.500000E+03 	3.700000E+01 
4.760000E+03 	1.500000E+03 	3.700000E+01 
4.777000E+03 	1.500000E+03 	3.700000E+01 
4.811000E+03 	1.500000E+03 	3.700000E+01 
4.857000E+03 	1.500000E+03 	3.700000E+01 
4.938000E+03 	1.500000E+03 	3.700000E+01 
4.971000E+03 	1.500000E+03 	3.700000E+01 
5.038000E+03 	1.500000E+03 	3.700000E+01 
5.061000E+03 	1.500000E+03 	3.700000E+01 
5.078000E+03 	1.500000E+03 	3.700000E+01 
5.119000E+03 	1.500000E+03 	3.700000E+01 
5.158000E+03 	1.500000E+03 	3.700000E+01 
5.172000E+03 	1.500000E+03 	3.700000E+01 
5.178000E+03 	1.500000E+03 	3.700000E+01 
5.283000E+03 	1.500000E+03 	3.700000E+01 
5.286000E+03 	1.500000E+03 	3.700000E+01 
5.315000E+03 	1.500000E+03 	3.700000E+01 
5.356000E+03 	1.500000E+03 	3.700000E+01 
5.357000E+03 	1.500000E+03 	3.700000E+01 
5.378000E+03 	1.500000E+03 	3.700000E+01 
5.421000E+03 	1.500000E+03 	3.700000E+01 
5.445000E+03 	1.500000E+03 	3.700000E+01 
5.452000E+03 	1.500000E+03 	3.700000E+01 
5.536000E+03 	1.500000E+03 	3.700000E+01 
5.587000E+03 	1.500000E+03 	3.700000E+01 
5.724000E+03 	1.500000E+03 	3.700000E+01 
5.828000E+03 	1.500000E+03 	3.700000E+01 
5.835000E+03 	1.500000E+03 	3.700000E+01 
6.099000E+03 	1.500000E+03 	3.700000E+01 
6.147000E+03 	1.500000E+03 	3.700000E+01 
6.173000E+03 	1.500000E+03 	3.700000E+01 
6.189000E+03 	1.500000E+03 	3.700000E+01 
6.249000E+03 	1.500000E+03 	3.700000E+01 
6.262000E+03 	1.500000E+03 	3.700000E+01 
6.422000E+03 	1.500000E+03 	3.700000E+01 
6.462000E+03 	1.500000E+03 	3.700000E+01 
6.474000E+03 	1.500000E+03 	3.700000E+01 
6.492000E+03 	1.500000E+03 	3.700000E+01 
6.494000E+03 	1.500000E+03 	3.700000E+01 
6.500000E+03 	1.500000E+03 	3.700000E+01 
6.535000E+03 	1.500000E+03 	3.700000E+01 
6.553000E+03 	1.500000E+03 	3.700000E+01 
6.554000E+03 	1.500000E+03 	3.700000E+01 
6.562000E+03 	1.500000E+03 	3.700000E+01 
6.598000E+03 	1.500000E+03 	3.700000E+01 
6.609000E+03 	1.500000E+03 	3.700000E+01 
6.672000E+03 	1.500000E+03 	3.700000E+01 
6.831000E+03 	1.500000E+03 	3.700000E+01 
6.849000E+03 	1.500000E+03 	3.700000E+01 
6.864000E+03 	1.500000E+03 	3.700000E+01 
6.867000E+03 	1.500000E+03 	3.700000E+01 
6.874000E+03 	1.500000E+03 	3.700000E+01 
6.974000E+03 	1.500000E+03 	3.700000E+01 
7.004000E+03 	1.500000E+03 	3.700000E+01 
7.006000E+03 	1.500000E+03 	3.700000E+01 
7.008000E+03 	1.500000E+03 	3.700000E+01 
7.071000E+03 	1.500000E+03 	3.700000E+01 
7.080000E+03 	1.500000E+03 	3.700000E+01 
7.128000E+03 	1.500000E+03 	3.700000E+01 
7.133000E+03 	1.500000E+03 	3.700000E+01 
7.207000E+03 	1.500000E+03 	3.700000E+01 
7.220000E+03 	1.500000E+03 	3.700000E+01 
7.252000E+03 	1.500000E+03 	3.700000E+01 
7.302000E+03 	1.500000E+03 	3.700000E+01 
7.412000E+03 	1.500000E+03 	3.700000E+01 
7.433000E+03 	1.500000E+03 	3.700000E+01 
7.434000E+03 	1.500000E+03 	3.700000E+01 
7.436000E+03 	1.500000E+03 	3.700000E+01 
7.452000E+03 	1.500000E+03 	3.700000E+01 
7.487000E+03 	1.500000E+03 	3.700000E+01 
7.489000E+03 	1.500000E+03 	3.700000E+01 
7.505000E+03 	1.500000E+03 	3.700000E+01 
7.546000E+03 	1.500000E+03 	3.700000E+01 
7.569000E+03 	1.500000E+03 	3.700000E+01 
7.570000E+03 	1.500000E+03 	3.700000E+01 
7.585000E+03 	1.500000E+03 	3.700000E+01 
7.621000E+03 	1.500000E+03 	3.700000E+01 
7.708000E+03 	1.500000E+03 	3.700000E+01 
7.748000E+03 	1.500000E+03 	3.700000E+01 
7.753000E+03 	1.500000E+03 	3.700000E+01 
7.754000E+03 	1.500000E+03 	3.700000E+01 
7.755000E+03 	1.500000E+03 	3.700000E+01 
7.756000E+03 	1.500000E+03 	3.700000E+01 
7.760000E+03 	1.500000E+03 	3.700000E+01 
7.761000E+03 	1.500000E+03 	3.700000E+01 
7.780000E+03 	1.500000E+03 	3.700000E+01 
7.829000E+03 	1.500000E+03 	3.700000E+01 
7.853000E+03 	1.500000E+03 	3.700000E+01 
7.905000E+03 	1.500000E+03 	3.700000E+01 
8.121000E+03 	1.500000E+03 	3.700000E+01 
8.176000E+03 	1.500000E+03 	3.700000E+01 
8.185000E+03 	1.500000E+03 	3.700000E+01 
8.198000E+03 	1.500000E+03 	3.700000E+01 
8.324000E+03 	1.500000E+03 	3.700000E+01 
8.329000E+03 	1.500000E+03 	3.700000E+01 
8.363000E+03 	1.500000E+03 	3.700000E+01 
8.380000E+03 	1.500000E+03 	3.700000E+01 
8.429000E+03 	1.500000E+03 	3.700000E+01 
8.436000E+03 	1.500000E+03 	3.600000E+01 
8.453000E+03 	1.500000E+03 	3.700000E+01 
8.479000E+03 	1.500000E+03 	3.700000E+01 
8.498000E+03 	1.500000E+03 	3.700000E+01 
8.546000E+03 	1.500000E+03 	3.700000E+01 
8.619000E+03 	1.500000E+03 	3.700000E+01 
8.660000E+03 	1.500000E+03 	3.700000E+01 
8.696000E+03 	1.500000E+03 	3.700000E+01 
8.705000E+03 	1.500000E+03 	3.700000E+01 
8.720000E+03 	1.500000E+03 	3.700000E+01 
8.723000E+03 	1.500000E+03 	3.700000E+01 
8.782000E+03 	1.500000E+03 	3.700000E+01 
8.802000E+03 	1.500000E+03 	3.700000E+01 
8.824000E+03 	1.500000E+03 	3.700000E+01 
8.850000E+03 	1.500000E+03 	3.700000E+01 
8.852000E+03 	1.500000E+03 	3.700000E+01 
8.859000E+03 	1.500000E+03 	3.700000E+01 
8.875000E+03 	1.500000E+03 	3.700000E+01 
8.880000E+03 	1.500000E+03 	3.700000E+01 
8.882000E+03 	1.500000E+03 	3.700000E+01 
8.884000E+03 	1.500000E+03 	3.700000E+01 
8.888000E+03 	1.500000E+03 	3.700000E+01 
8.933000E+03 	1.500000E+03 	3.700000E+01 
8.948000E+03 	1.500000E+03 	3.700000E+01 
8.973000E+03 	1.500000E+03 	3.700000E+01 
8.981000E+03 	1.500000E+03 	3.700000E+01 
9.000000E+03 	1.500000E+03 	3.700000E+01 
9.051000E+03 	1.500000E+03 	3.700000E+01 
9.058000E+03 	1.500000E+03 	3.700000E+01 
9.104000E+03 	1.500000E+03 	3.700000E+01 
9.114000E+03 	1.500000E+03 	3.700000E+01 
9.136000E+03 	1.500000E+03 	3.700000E+01 
9.193000E+03 	1.500000E+03 	3.700000E+01 
9.195000E+03 	1.500000E+03 	3.700000E+01 
9.256000E+03 	1.500000E+03 	3.700000E+01 
9.312000E+03 	1.500000E+03 	3.700000E+01 
9.348000E+03 	1.500000E+03 	3.700000E+01 
9.371000E+03 	1.500000E+03 	3.700000E+01 
9.378000E+03 	1.500000E+03 	3.700000E+01 
9.379000E+03 	1.500000E+03 	3.700000E+01 
9.383000E+03 	1.500000E+03 	3.700000E+01 
9.415000E+03 	1.500000E+03 	3.700000E+01 
9.431000E+03 	1.500000E+03 	3.700000E+01 
9.434000E+03 	1.500000E+03 	3.700000E+01 
9.467000E+03 	1.500000E+03 	3.700000E+01 
9.470000E+03 	1.500000E+03 	3.700000E+01 
9.472000E+03 	1.500000E+03 	3.700000E+01 
9.509000E+03 	1.500000E+03 	3.700000E+01 
9.554000E+03 	1.500000E+03 	3.700000E+01 
9.573000E+03 	1.500000E+03 	3.700000E+01 
9.578000E+03 	1.500000E+03 	3.700000E+01 
9.663000E+03 	1.500000E+03 	3.700000E+01 
9.664000E+03 	1.500000E+03 	3.700000E+01 
9.687000E+03 	1.500000E+03 	3.700000E+01 
9.693000E+03 	1.500000E+03 	3.700000E+01 
9.698000E+03 	1.500000E+03 	3.700000E+01 
9.726000E+03 	1.500000E+03 	3.700000E+01 
9.729000E+03 	1.500000E+03 	3.700000E+01 
9.752000E+03 	1.500000E+03 	3.700000E+01 
9.776000E+03 	1.500000E+03 	3.700000E+01 
9.810000E+03 	1.500000E+03 	3.700000E+01 
9.827000E+03 	1.500000E+03 	3.700000E+01 
9.869000E+03 	1.500000E+03 	3.700000E+01 
9.874000E+03 	1.500000E+03 	3.700000E+01 
1.011600E+04 	1.500000E+03 	3.700000E+01 
1.015200E+04 	1.500000E+03 	3.600000E+01 
1.018300E+04 	1.500000E+03 	3.700000E+01 
1.018800E+04 	1.500000E+03 	3.700000E+01 
1.022100E+04 	1.500000E+03 	3.700000E+01 
1.023600E+04 	1.500000E+03 	3.700000E+01 
1.034300E+04 	1.500000E+03 	3.700000E+01 
1.035300E+04 	1.500000E+03 	3.700000E+01 
1.039400E+04 	1.500000E+03 	3.700000E+01 
1.042300E+04 	1.500000E+03 	3.700000E+01 
1.043900E+04 	1.500000E+03 	3.700000E+01 
1.045400E+04 	1.500000E+03 	3.700000E+01 
1.048300E+04 	1.500000E+03 	3.700000E+01 
1.051800E+04 	1.500000E+03 	3.700000E+01 
1.053300E+04 	1.500000E+03 	3.700000E+01 
1.054800E+04 	1.500000E+03 	3.700000E+01 
1.057800E+04 	1.500000E+03 	3.700000E+01 
1.058300E+04 	1.500000E+03 	3.700000E+01 
1.058700E+04 	1.500000E+03 	3.700000E+01 
1.063500E+04 	1.500000E+03 	3.700000E+01 
1.063700E+04 	1.500000E+03 	3.700000E+01 
1.073100E+04 	1.500000E+03 	3.700000E+01 
1.076500E+04 	1.500000E+03 	3.700000E+01 
1.081800E+04 	1.500000E+03 	3.700000E+01 
1.082300E+04 	1.500000E+03 	3.700000E+01 
1.085100E+04 	1.500000E+03 	3.700000E+01 
1.089700E+04 	1.500000E+03 	3.600000E+01 
1.092200E+04 	1.500000E+03 	3.700000E+01 
1.094000E+04 	1.500000E+03 	3.700000E+01 
1.107000E+04 	1.500000E+03 	3.700000E+01 
1.107100E+04 	1.500000E+03 	3.700000E+01 
1.107200E+04 	1.500000E+03 	3.700000E+01 
1.108800E+04 	1.500000E+03 	3.700000E+01 
1.122600E+04 	1.500000E+03 	3.700000E+01 
1.123000E+04 	1.500000E+03 	3.700000E+01 
1.124200E+04 	1.500000E+03 	3.700000E+01 
1.124900E+04 	1.500000E+03 	3.700000E+01 
1.128700E+04 	1.500000E+03 	3.700000E+01 
1.137400E+04 	1.500000E+03 	3.700000E+01 
1.138500E+04 	1.500000E+03 	3.700000E+01 
1.138600E+04 	1.500000E+03 	3.700000E+01 
1.153000E+04 	1.500000E+03 	3.700000E+01 
1.154600E+04 	1.500000E+03 	3.700000E+01 
1.154700E+04 	1.500000E+03 	3.700000E+01 
1.157100E+04 	1.500000E+03 	3.700000E+01 
1.157300E+04 	1.500000E+03 	3.700000E+01 
1.157700E+04 	1.500000E+03 	3.700000E+01 
1.158300E+04 	1.500000E+03 	3.700000E+01 
1.161200E+04 	1.500000E+03 	3.700000E+01 
1.161600E+04 	1.500000E+03 	3.700000E+01 
1.162400E+04 	1.500000E+03 	3.700000E+01 
1.164300E+04 	1.500000E+03 	3.700000E+01 
1.173400E+04 	1.500000E+03 	3.700000E+01 
1.173800E+04 	1.500000E+03 	3.700000E+01 
1.174700E+04 	1.500000E+03 	3.700000E+01 
1.175400E+04 	1.500000E+03 	3.700000E+01 
1.178900E+04 	1.500000E+03 	3.700000E+01 
1.180100E+04 	1.500000E+03 	3.700000E+01 
1.180700E+04 	1.500000E+03 	3.700000E+01 
1.181800E+04 	1.500000E+03 	3.700000E+01 
1.184700E+04 	1.500000E+03 	3.700000E+01 
1.185200E+04 	1.500000E+03 	3.700000E+01 
1.187000E+04 	1.500000E+03 	3.700000E+01 
1.188800E+04 	1.500000E+03 	3.700000E+01 
1.190800E+04 	1.500000E+03 	3.700000E+01 
1.193500E+04 	1.500000E+03 	3.700000E+01 
1.194200E+04 	1.500000E+03 	3.700000E+01 
1.194500E+04 	1.500000E+03 	3.700000E+01 
1.203100E+04 	1.500000E+03 	3.700000E+01 
1.203200E+04 	1.500000E+03 	3.700000E+01 
1.207800E+04 	1.500000E+03 	3.700000E+01 
1.208800E+04 	1.500000E+03 	3.700000E+01 
1.218400E+04 	1.500000E+03 	3.700000E+01 
1.218900E+04 	1.500000E+03 	3.700000E+01 
1.219900E+04 	1.500000E+03 	3.700000E+01 
1.223200E+04 	1.500000E+03 	3.700000E+01 
1.224000E+04 	1.500000E+03 	3.700000E+01 
1.229400E+04 	1.500000E+03 	3.700000E+01 
1.229900E+04 	1.500000E+03 	3.700000E+01 
1.232200E+04 	1.500000E+03 	3.700000E+01 
1.232600E+04 	1.500000E+03 	3.700000E+01 
1.233700E+04 	1.500000E+03 	3.700000E+01 
1.234100E+04 	1.500000E+03 	3.700000E+01 
1.235300E+04 	1.500000E+03 	3.700000E+01 
1.238500E+04 	1.500000E+03 	3.700000E+01 
1.243200E+04 	1.500000E+03 	3.700000E+01 
1.243300E+04 	1.500000E+03 	3.700000E+01 
1.246500E+04 	1.500000E+03 	3.700000E+01 
1.247400E+04 	1.500000E+03 	3.700000E+01 
1.248200E+04 	1.500000E+03 	3.700000E+01 
1.253100E+04 	1.500000E+03 	3.700000E+01 
1.254400E+04 	1.500000E+03 	3.700000E+01 
1.256600E+04 	1.500000E+03 	3.700000E+01 
1.260200E+04 	1.500000E+03 	3.700000E+01 
1.262400E+04 	1.500000E+03 	3.700000E+01 
1.265900E+04 	1.500000E+03 	3.700000E+01 
1.269600E+04 	1.500000E+03 	3.700000E+01 
1.271400E+04 	1.500000E+03 	3.700000E+01 
1.273600E+04 	1.500000E+03 	3.700000E+01 
1.273700E+04 	1.500000E+03 	3.700000E+01 
1.276200E+04 	1.500000E+03 	3.700000E+01 
1.276300E+04 	1.500000E+03 	3.700000E+01 
1.280100E+04 	1.500000E+03 	3.700000E+01 
1.280300E+04 	1.500000E+03 	3.700000E+01 
1.280600E+04 	1.500000E+03 	3.700000E+01 
1.283700E+04 	1.500000E+03 	3.700000E+01 
1.284300E+04 	1.500000E+03 	3.700000E+01 
1.287000E+04 	1.500000E+03 	3.700000E+01 
1.292600E+04 	1.500000E+03 	3.500000E+01 
1.292700E+04 	1.500000E+03 	3.700000E+01 
1.294600E+04 	1.500000E+03 	3.700000E+01 
1.294800E+04 	1.500000E+03 	3.700000E+01 
1.294900E+04 	1.500000E+03 	3.700000E+01 
1.295500E+04 	1.500000E+03 	3.700000E+01 
1.295900E+04 	1.500000E+03 	3.700000E+01 
1.300100E+04 	1.500000E+03 	3.700000E+01 
1.300200E+04 	1.500000E+03 	3.700000E+01 
1.301300E+04 	1.500000E+03 	3.700000E+01 
1.302300E+04 	1.500000E+03 	3.700000E+01 
1.303200E+04 	1.500000E+03 	3.700000E+01 
1.304400E+04 	1.500000E+03 	3.700000E+01 
1.305400E+04 	1.500000E+03 	3.700000E+01 
1.305500E+04 	1.500000E+03 	3.700000E+01 
1.305700E+04 	1.500000E+03 	3.700000E+01 
1.313300E+04 	1.500000E+03 	3.700000E+01 
1.315300E+04 	1.500000E+03 	3.700000E+01 
1.318900E+04 	1.500000E+03 	3.700000E+01 
1.320600E+04 	1.500000E+03 	3.700000E+01 
1.321100E+04 	1.500000E+03 	3.700000E+01 
1.327100E+04 	1.500000E+03 	3.700000E+01 
1.328100E+04 	1.500000E+03 	3.700000E+01 
1.336000E+04 	1.500000E+03 	3.700000E+01 
1.336400E+04 	1.500000E+03 	3.700000E+01 
1.336500E+04 	1.500000E+03 	3.700000E+01 
1.339500E+04 	1.500000E+03 	3.700000E+01 
1.341000E+04 	1.500000E+03 	3.700000E+01 
1.343600E+04 	1.500000E+03 	3.700000E+01 
1.348000E+04 	1.500000E+03 	3.700000E+01 
1.349900E+04 	1.500000E+03 	3.700000E+01 
1.355700E+04 	1.500000E+03 	3.700000E+01 
1.356400E+04 	1.500000E+03 	3.700000E+01 
1.357200E+04 	1.500000E+03 	3.700000E+01 
1.358800E+04 	1.500000E+03 	3.700000E+01 
1.359200E+04 	1.500000E+03 	3.700000E+01 
1.365700E+04 	1.500000E+03 	3.700000E+01 
1.365800E+04 	1.500000E+03 	3.700000E+01 
1.367700E+04 	1.500000E+03 	3.700000E+01 
1.368600E+04 	1.500000E+03 	3.700000E+01 
1.369400E+04 	1.500000E+03 	3.700000E+01 
1.370600E+04 	1.500000E+03 	3.700000E+01 
1.372400E+04 	1.500000E+03 	3.700000E+01 
1.373400E+04 	1.500000E+03 	3.700000E+01 
1.378300E+04 	1.500000E+03 	3.700000E+01 
1.380900E+04 	1.500000E+03 	3.700000E+01 
1.382100E+04 	1.500000E+03 	3.700000E+01 
1.396200E+04 	1.500000E+03 	3.700000E+01 
1.398000E+04 	1.500000E+03 	3.700000E+01 
1.399300E+04 	1.500000E+03 	3.700000E+01 
1.399600E+04 	1.500000E+03 	3.700000E+01 
1.400500E+04 	1.500000E+03 	3.700000E+01 
1.406800E+04 	1.500000E+03 	3.700000E+01 
1.408300E+04 	1.500000E+03 	3.700000E+01 
1.411200E+04 	1.500000E+03 	3.700000E+01 
1.412600E+04 	1.500000E+03 	3.700000E+01 
1.412700E+04 	1.500000E+03 	3.700000E+01 
1.417000E+04 	1.500000E+03 	3.700000E+01 
1.418800E+04 	1.500000E+03 	3.700000E+01 
1.419100E+04 	1.500000E+03 	3.700000E+01 
1.423000E+04 	1.500000E+03 	3.700000E+01 
1.423700E+04 	1.500000E+03 	3.700000E+01 
1.429100E+04 	1.500000E+03 	3.700000E+01 
1.431700E+04 	1.500000E+03 	3.700000E+01 
1.431800E+04 	1.500000E+03 	3.700000E+01 
1.432800E+04 	1.500000E+03 	3.700000E+01 
1.434400E+04 	1.500000E+03 	3.700000E+01 
1.434500E+04 	1.500000E+03 	3.700000E+01 
1.435500E+04 	1.500000E+03 	3.700000E+01 
1.437600E+04 	1.500000E+03 	3.700000E+01 
1.438100E+04 	1.500000E+03 	3.700000E+01 
1.441600E+04 	1.500000E+03 	3.700000E+01 
1.441900E+04 	1.500000E+03 	3.700000E+01 
1.447900E+04 	1.500000E+03 	3.700000E+01 
1.449400E+04 	1.500000E+03 	3.700000E+01 
1.450100E+04 	1.500000E+03 	3.600000E+01 
1.452300E+04 	1.500000E+03 	3.700000E+01 
1.458100E+04 	1.500000E+03 	3.700000E+01 
1.464300E+04 	1.500000E+03 	3.700000E+01 
1.466700E+04 	1.500000E+03 	3.700000E+01 
1.469900E+04 	1.500000E+03 	3.700000E+01 
1.472700E+04 	1.500000E+03 	3.700000E+01 
1.473900E+04 	1.500000E+03 	3.700000E+01 
1.475900E+04 	1.500000E+03 	3.700000E+01 
1.476700E+04 	1.500000E+03 	3.700000E+01 
1.477100E+04 	1.500000E+03 	3.700000E+01 
1.480400E+04 	1.500000E+03 	3.600000E+01 
1.483200E+04 	1.500000E+03 	3.700000E+01 
1.486400E+04 	1.500000E+03 	3.700000E+01 
1.490900E+04 	1.500000E+03 	3.700000E+01 
1.491500E+04 	1.500000E+03 	3.700000E+01 
1.492300E+04 	1.500000E+03 	3.700000E+01 
1.494900E+04 	1.500000E+03 	3.700000E+01 
1.497100E+04 	1.500000E+03 	3.700000E+01 
1.499900E+04 	1.500000E+03 	3.700000E+01 
1.506500E+04 	1.500000E+03 	3.700000E+01 
1.507800E+04 	1.500000E+03 	3.700000E+01 
1.508200E+04 	1.500000E+03 	3.700000E+01 
1.508300E+04 	1.500000E+03 	3.700000E+01 
1.508900E+04 	1.500000E+03 	3.700000E+01 
1.510600E+04 	1.500000E+03 	3.700000E+01 
1.511500E+04 	1.500000E+03 	3.700000E+01 
1.514000E+04 	1.500000E+03 	3.700000E+01 
1.514100E+04 	1.500000E+03 	3.700000E+01 
1.519800E+04 	1.500000E+03 	3.700000E+01 
1.524600E+04 	1.500000E+03 	3.700000E+01 
1.525300E+04 	1.500000E+03 	3.700000E+01 
1.526400E+04 	1.500000E+03 	3.700000E+01 
1.530700E+04 	1.500000E+03 	3.600000E+01 
1.535800E+04 	1.500000E+03 	3.700000E+01 
1.536500E+04 	1.500000E+03 	3.700000E+01 
1.539900E+04 	1.500000E+03 	3.700000E+01 
1.540700E+04 	1.500000E+03 	3.700000E+01 
1.544400E+04 	1.500000E+03 	3.700000E+01 
1.550500E+04 	1.500000E+03 	3.700000E+01 
1.558100E+04 	1.500000E+03 	3.700000E+01 
1.558200E+04 	1.500000E+03 	3.700000E+01 
1.562400E+04 	1.500000E+03 	3.700000E+01 
1.562700E+04 	1.500000E+03 	3.700000E+01 
1.563000E+04 	1.500000E+03 	3.700000E+01 
1.563400E+04 	1.500000E+03 	3.700000E+01 
1.563500E+04 	1.500000E+03 	3.700000E+01 
1.563900E+04 	1.500000E+03 	3.700000E+01 
1.566100E+04 	1.500000E+03 	3.700000E+01 
1.568100E+04 	1.500000E+03 	3.700000E+01 
1.570900E+04 	1.500000E+03 	3.700000E+01 
1.571900E+04 	1.500000E+03 	3.700000E+01 
1.575300E+04 	1.500000E+03 	3.700000E+01 
1.576000E+04 	1.500000E+03 	3.700000E+01 
1.578900E+04 	1.500000E+03 	3.700000E+01 
1.579000E+04 	1.500000E+03 	3.700000E+01 
1.580200E+04 	1.500000E+03 	3.700000E+01 
1.583500E+04 	1.500000E+03 	3.700000E+01 
1.588300E+04 	1.500000E+03 	3.700000E+01 
1.589200E+04 	1.500000E+03 	3.700000E+01 
1.590200E+04 	1.500000E+03 	3.700000E+01 
1.590600E+04 	1.500000E+03 	3.700000E+01 
1.592600E+04 	1.500000E+03 	3.700000E+01 
1.593700E+04 	1.500000E+03 	3.700000E+01 
1.605400E+04 	1.500000E+03 	3.700000E+01 
1.605800E+04 	1.500000E+03 	3.700000E+01 
1.606600E+04 	1.500000E+03 	3.700000E+01 
1.607800E+04 	1.500000E+03 	3.700000E+01 
1.609800E+04 	1.500000E+03 	3.700000E+01 
1.612200E+04 	1.500000E+03 	3.700000E+01 
1.615900E+04 	1.500000E+03 	3.700000E+01 
1.616100E+04 	1.500000E+03 	3.700000E+01 
1.620100E+04 	1.500000E+03 	3.700000E+01 
1.621800E+04 	1.500000E+03 	3.700000E+01 
1.622400E+04 	1.500000E+03 	3.700000E+01 
1.623400E+04 	1.500000E+03 	3.700000E+01 
1.623500E+04 	1.500000E+03 	3.700000E+01 
1.624000E+04 	1.500000E+03 	3.700000E+01 
1.625400E+04 	1.500000E+03 	3.700000E+01 
1.629200E+04 	1.500000E+03 	3.700000E+01 
1.630800E+04 	1.500000E+03 	3.700000E+01 
1.630900E+04 	1.500000E+03 	3.700000E+01 
1.632000E+04 	1.500000E+03 	3.700000E+01 
1.634200E+04 	1.500000E+03 	3.700000E+01 
1.636300E+04 	1.500000E+03 	3.700000E+01 
1.636400E+04 	1.500000E+03 	3.700000E+01 
1.637100E+04 	1.500000E+03 	3.700000E+01 
1.638400E+04 	1.500000E+03 	3.700000E+01 
1.639800E+04 	1.500000E+03 	3.700000E+01 
1.641700E+04 	1.500000E+03 	3.700000E+01 
1.646300E+04 	1.500000E+03 	3.700000E+01 
1.650400E+04 	1.500000E+03 	3.700000E+01 
1.652600E+04 	1.500000E+03 	3.700000E+01 
1.653000E+04 	1.500000E+03 	3.700000E+01 
1.656100E+04 	1.500000E+03 	3.700000E+01 
1.656200E+04 	1.500000E+03 	3.600000E+01 
1.656300E+04 	1.500000E+03 	3.700000E+01 
1.656400E+04 	1.500000E+03 	3.700000E+01 
1.656800E+04 	1.500000E+03 	3.700000E+01 
1.657100E+04 	1.500000E+03 	3.700000E+01 
1.659100E+04 	1.500000E+03 	3.700000E+01 
1.661300E+04 	1.500000E+03 	3.700000E+01 
1.666700E+04 	1.500000E+03 	3.700000E+01 
1.667100E+04 	1.500000E+03 	3.700000E+01 
1.669000E+04 	1.500000E+03 	3.700000E+01 
1.670900E+04 	1.500000E+03 	3.700000E+01 
1.671500E+04 	1.500000E+03 	3.700000E+01 
1.672200E+04 	1.500000E+03 	3.700000E+01 
1.672500E+04 	1.500000E+03 	3.600000E+01 
1.672900E+04 	1.500000E+03 	3.700000E+01 
1.676200E+04 	1.500000E+03 	3.700000E+01 
1.678500E+04 	1.500000E+03 	3.700000E+01 
1.683200E+04 	1.500000E+03 	3.700000E+01 
1.684000E+04 	1.500000E+03 	3.700000E+01 
1.685300E+04 	1.500000E+03 	3.700000E+01 
1.685500E+04 	1.500000E+03 	3.700000E+01 
1.685600E+04 	1.500000E+03 	3.700000E+01 
1.685800E+04 	1.500000E+03 	3.700000E+01 
1.686100E+04 	1.500000E+03 	3.700000E+01 
1.687000E+04 	1.500000E+03 	3.700000E+01 
1.688300E+04 	1.500000E+03 	3.700000E+01 
1.689200E+04 	1.500000E+03 	3.600000E+01 
1.690900E+04 	1.500000E+03 	3.700000E+01 
1.698900E+04 	1.500000E+03 	3.700000E+01 
1.699100E+04 	1.500000E+03 	3.700000E+01 
1.699700E+04 	1.500000E+03 	3.700000E+01 
1.700500E+04 	1.500000E+03 	3.700000E+01 
1.701400E+04 	1.500000E+03 	3.700000E+01 
1.701600E+04 	1.500000E+03 	3.700000E+01 
1.702400E+04 	1.500000E+03 	3.700000E+01 
1.703300E+04 	1.500000E+03 	3.700000E+01 
1.703600E+04 	1.500000E+03 	3.700000E+01 
1.705200E+04 	1.500000E+03 	3.700000E+01 
1.707500E+04 	1.500000E+03 	3.700000E+01 
1.708900E+04 	1.500000E+03 	3.700000E+01 
1.713700E+04 	1.500000E+03 	3.700000E+01 
1.713800E+04 	1.500000E+03 	3.700000E+01 
1.714100E+04 	1.500000E+03 	3.700000E+01 
1.714300E+04 	1.500000E+03 	3.700000E+01 
1.715800E+04 	1.500000E+03 	3.700000E+01 
1.716000E+04 	1.500000E+03 	3.700000E+01 
1.716700E+04 	1.500000E+03 	3.700000E+01 
1.716900E+04 	1.500000E+03 	3.700000E+01 
1.720100E+04 	1.500000E+03 	3.700000E+01 
1.720300E+04 	1.500000E+03 	3.700000E+01 
1.720400E+04 	1.500000E+03 	3.700000E+01 
1.722300E+04 	1.500000E+03 	3.700000E+01 
1.723100E+04 	1.500000E+03 	3.700000E+01 
1.723300E+04 	1.500000E+03 	3.700000E+01 
1.724000E+04 	1.500000E+03 	3.700000E+01 
1.724700E+04 	1.500000E+03 	3.700000E+01 
1.730200E+04 	1.500000E+03 	3.700000E+01 
1.731500E+04 	1.500000E+03 	3.700000E+01 
1.732000E+04 	1.500000E+03 	3.700000E+01 
1.732900E+04 	1.500000E+03 	3.700000E+01 
1.735300E+04 	1.500000E+03 	3.700000E+01 
1.736000E+04 	1.500000E+03 	3.700000E+01 
1.736200E+04 	1.500000E+03 	3.700000E+01 
1.736400E+04 	1.500000E+03 	3.700000E+01 
1.737500E+04 	1.500000E+03 	3.700000E+01 
1.739100E+04 	1.500000E+03 	3.600000E+01 
1.739200E+04 	1.500000E+03 	3.700000E+01 
1.739300E+04 	1.500000E+03 	3.700000E+01 
1.741400E+04 	1.500000E+03 	3.700000E+01 
1.743600E+04 	1.500000E+03 	3.700000E+01 
1.744000E+04 	1.500000E+03 	3.700000E+01 
1.744500E+04 	1.500000E+03 	3.700000E+01 
1.745500E+04 	1.500000E+03 	3.700000E+01 
1.746200E+04 	1.500000E+03 	3.700000E+01 
1.746800E+04 	1.500000E+03 	3.700000E+01 
1.748000E+04 	1.500000E+03 	3.700000E+01 
1.748400E+04 	1.500000E+03 	3.700000E+01 
1.749000E+04 	1.500000E+03 	3.700000E+01 
1.749200E+04 	1.500000E+03 	3.700000E+01 
1.753900E+04 	1.500000E+03 	3.700000E+01 
1.754300E+04 	1.500000E+03 	3.700000E+01 
1.756100E+04 	1.500000E+03 	3.700000E+01 
1.761600E+04 	1.500000E+03 	3.700000E+01 
1.762600E+04 	1.500000E+03 	3.700000E+01 
1.763500E+04 	1.500000E+03 	3.700000E+01 
1.764200E+04 	1.500000E+03 	3.700000E+01 
1.764400E+04 	1.500000E+03 	3.700000E+01 
1.764700E+04 	1.500000E+03 	3.700000E+01 
1.765900E+04 	1.500000E+03 	3.700000E+01 
1.766800E+04 	1.500000E+03 	3.700000E+01 
1.767400E+04 	1.500000E+03 	3.700000E+01 
1.767500E+04 	1.500000E+03 	3.700000E+01 
1.768100E+04 	1.500000E+03 	3.700000E+01 
1.770500E+04 	1.500000E+03 	3.700000E+01 
1.770600E+04 	1.500000E+03 	3.700000E+01 
1.774200E+04 	1.500000E+03 	3.700000E+01 
1.777200E+04 	1.500000E+03 	3.700000E+01 
1.778300E+04 	1.500000E+03 	3.700000E+01 
1.778900E+04 	1.500000E+03 	3.700000E+01 
1.779200E+04 	1.500000E+03 	3.700000E+01 
1.781100E+04 	1.500000E+03 	3.700000E+01 
1.781200E+04 	1.500000E+03 	3.700000E+01 
1.782200E+04 	1.500000E+03 	3.700000E+01 
1.782900E+04 	1.500000E+03 	3.700000E+01 
1.783500E+04 	1.500000E+03 	3.700000E+01 
1.783600E+04 	1.500000E+03 	3.600000E+01 
1.787900E+04 	1.500000E+03 	3.700000E+01 
1.788000E+04 	1.500000E+03 	3.700000E+01 
1.789100E+04 	1.500000E+03 	3.700000E+01 
1.789400E+04 	1.500000E+03 	3.700000E+01 
1.789600E+04 	1.500000E+03 	3.700000E+01 
1.792900E+04 	1.500000E+03 	3.700000E+01 
1.795800E+04 	1.500000E+03 	3.700000E+01 
1.796100E+04 	1.500000E+03 	3.700000E+01 
1.798300E+04 	1.500000E+03 	3.700000E+01 
1.798800E+04 	1.500000E+03 	3.700000E+01 
1.799300E+04 	1.500000E+03 	3.700000E+01 
1.799900E+04 	1.500000E+03 	3.700000E+01 
1.802000E+04 	1.500000E+03 	3.700000E+01 
1.802100E+04 	1.500000E+03 	3.700000E+01 
1.805700E+04 	1.500000E+03 	3.700000E+01 
1.806000E+04 	1.500000E+03 	3.700000E+01 
1.812100E+04 	1.500000E+03 	3.700000E+01 
1.813600E+04 	1.500000E+03 	3.700000E+01 
1.814200E+04 	1.500000E+03 	3.700000E+01 
1.814300E+04 	1.500000E+03 	3.700000E+01 
1.814600E+04 	1.500000E+03 	3.700000E+01 
1.815700E+04 	1.500000E+03 	3.700000E+01 
1.816100E+04 	1.500000E+03 	3.700000E+01 
1.816200E+04 	1.500000E+03 	3.700000E+01 
1.816600E+04 	1.500000E+03 	3.700000E+01 
1.819600E+04 	1.500000E+03 	3.700000E+01 
1.824100E+04 	1.500000E+03 	3.700000E+01 
1.824600E+04 	1.500000E+03 	3.700000E+01 
1.824700E+04 	1.500000E+03 	3.700000E+01 
1.830500E+04 	1.500000E+03 	3.700000E+01 
1.830900E+04 	1.500000E+03 	3.700000E+01 
1.831900E+04 	1.500000E+03 	3.700000E+01 
1.834500E+04 	1.500000E+03 	3.700000E+01 
1.834700E+04 	1.500000E+03 	3.700000E+01 
1.834800E+04 	1.500000E+03 	3.700000E+01 
1.835500E+04 	1.500000E+03 	3.700000E+01 
1.836400E+04 	1.500000E+03 	3.600000E+01 
1.836600E+04 	1.500000E+03 	3.600000E+01 
1.836700E+04 	1.500000E+03 	3.700000E+01 
1.836900E+04 	1.500000E+03 	3.700000E+01 
1.837400E+04 	1.500000E+03 	3.700000E+01 
1.842800E+04 	1.500000E+03 	3.700000E+01 
1.843500E+04 	1.500000E+03 	3.700000E+01 
1.845400E+04 	1.500000E+03 	3.700000E+01 
1.847900E+04 	1.500000E+03 	3.700000E+01 
1.848800E+04 	1.500000E+03 	3.700000E+01 
1.851100E+04 	1.500000E+03 	3.700000E+01 
1.852500E+04 	1.500000E+03 	3.700000E+01 
1.853300E+04 	1.500000E+03 	3.700000E+01 
1.853600E+04 	1.500000E+03 	3.700000E+01 
1.854500E+04 	1.500000E+03 	3.700000E+01 
1.859000E+04 	1.500000E+03 	3.700000E+01 
1.860100E+04 	1.500000E+03 	3.700000E+01 
1.860500E+04 	1.500000E+03 	3.700000E+01 
1.861300E+04 	1.500000E+03 	3.700000E+01 
1.861400E+04 	1.500000E+03 	3.700000E+01 
1.863200E+04 	1.500000E+03 	3.700000E+01 
1.863600E+04 	1.500000E+03 	3.700000E+01 
1.868200E+04 	1.500000E+03 	3.700000E+01 
1.869100E+04 	1.500000E+03 	3.700000E+01 
1.869200E+04 	1.500000E+03 	3.700000E+01 
1.870600E+04 	1.500000E+03 	3.700000E+01 
1.871300E+04 	1.500000E+03 	3.700000E+01 
1.872000E+04 	1.500000E+03 	3.700000E+01 
1.874100E+04 	1.500000E+03 	3.700000E+01 
1.876800E+04 	1.500000E+03 	3.600000E+01 
1.877100E+04 	1.500000E+03 	3.700000E+01 
1.877800E+04 	1.500000E+03 	3.700000E+01 
1.879100E+04 	1.500000E+03 	3.700000E+01 
1.881500E+04 	1.500000E+03 	3.700000E+01 
1.883300E+04 	1.500000E+03 	3.700000E+01 
1.883600E+04 	1.500000E+03 	3.700000E+01 
1.884200E+04 	1.500000E+03 	3.700000E+01 
1.884300E+04 	1.500000E+03 	3.700000E+01 
1.884500E+04 	1.500000E+03 	3.700000E+01 
1.884900E+04 	1.500000E+03 	3.700000E+01 
1.885200E+04 	1.500000E+03 	3.700000E+01 
1.886200E+04 	1.500000E+03 	3.700000E+01 
1.888000E+04 	1.500000E+03 	3.700000E+01 
1.889600E+04 	1.500000E+03 	3.700000E+01 
1.890200E+04 	1.500000E+03 	3.700000E+01 
1.890300E+04 	1.500000E+03 	3.700000E+01 
1.891100E+04 	1.500000E+03 	3.700000E+01 
1.891300E+04 	1.500000E+03 	3.700000E+01 
1.891400E+04 	1.500000E+03 	3.700000E+01 
1.891500E+04 	1.500000E+03 	3.700000E+01 
1.892000E+04 	1.500000E+03 	3.700000E+01 
1.892200E+04 	1.500000E+03 	3.700000E+01 
1.893900E+04 	1.500000E+03 	3.700000E+01 
1.894800E+04 	1.500000E+03 	3.700000E+01 
1.895200E+04 	1.500000E+03 	3.700000E+01 
1.895700E+04 	1.500000E+03 	3.500000E+01 
1.895800E+04 	1.500000E+03 	3.700000E+01 
1.897000E+04 	1.500000E+03 	3.700000E+01 
1.898900E+04 	1.500000E+03 	3.700000E+01 
1.899400E+04 	1.500000E+03 	3.700000E+01 
1.901400E+04 	1.500000E+03 	3.700000E+01 
1.902000E+04 	1.500000E+03 	3.700000E+01 
1.902300E+04 	1.500000E+03 	3.700000E+01 
1.902900E+04 	1.500000E+03 	3.700000E+01 
1.903300E+04 	1.500000E+03 	3.700000E+01 
1.904000E+04 	1.500000E+03 	3.700000E+01 
1.906000E+04 	1.500000E+03 	3.700000E+01 
1.906200E+04 	1.500000E+03 	3.700000E+01 
1.906400E+04 	1.500000E+03 	3.700000E+01 
1.909200E+04 	1.500000E+03 	3.700000E+01 
1.910700E+04 	1.500000E+03 	3.700000E+01 
1.911000E+04 	1.500000E+03 	3.700000E+01 
1.912300E+04 	1.500000E+03 	3.700000E+01 
1.912600E+04 	1.500000E+03 	3.700000E+01 
1.912900E+04 	1.500000E+03 	3.700000E+01 
1.913400E+04 	1.500000E+03 	3.700000E+01 
1.914300E+04 	1.500000E+03 	3.700000E+01 
1.918400E+04 	1.500000E+03 	3.700000E+01 
1.918900E+04 	1.500000E+03 	3.700000E+01 
1.919900E+04 	1.500000E+03 	3.700000E+01 
1.920200E+04 	1.500000E+03 	3.700000E+01 
1.920300E+04 	1.500000E+03 	3.700000E+01 
1.920700E+04 	1.500000E+03 	3.700000E+01 
1.921400E+04 	1.500000E+03 	3.700000E+01 
1.922400E+04 	1.500000E+03 	3.700000E+01 
1.922600E+04 	1.500000E+03 	3.700000E+01 
1.923000E+04 	1.500000E+03 	3.700000E+01 
1.923100E+04 	1.500000E+03 	3.700000E+01 
1.923300E+04 	1.500000E+03 	3.700000E+01 
1.925000E+04 	1.500000E+03 	3.700000E+01 
1.926100E+04 	1.500000E+03 	3.600000E+01 
1.926900E+04 	1.500000E+03 	3.700000E+01 
1.927500E+04 	1.500000E+03 	3.700000E+01 
1.927800E+04 	1.500000E+03 	3.700000E+01 
1.928000E+04 	1.500000E+03 	3.700000E+01 
1.933800E+04 	1.500000E+03 	3.700000E+01 
1.935800E+04 	1.500000E+03 	3.700000E+01 
1.936100E+04 	1.500000E+03 	3.700000E+01 
1.937700E+04 	1.500000E+03 	3.700000E+01 
1.937900E+04 	1.500000E+03 	3.700000E+01 
1.938000E+04 	1.500000E+03 	3.700000E+01 
1.938100E+04 	1.500000E+03 	3.700000E+01 
1.938600E+04 	1.500000E+03 	3.700000E+01 
1.938700E+04 	1.500000E+03 	3.700000E+01 
1.939100E+04 	1.500000E+03 	3.700000E+01 
1.939900E+04 	1.500000E+03 	3.700000E+01 
1.940200E+04 	1.500000E+03 	3.700000E+01 
1.940400E+04 	1.500000E+03 	3.700000E+01 
1.940700E+04 	1.500000E+03 	3.700000E+01 
1.941000E+04 	1.500000E+03 	3.700000E+01 
1.941300E+04 	1.500000E+03 	3.700000E+01 
1.942900E+04 	1.500000E+03 	3.700000E+01 
1.943200E+04 	1.500000E+03 	3.700000E+01 
1.943300E+04 	1.500000E+03 	3.700000E+01 
1.944300E+04 	1.500000E+03 	3.600000E+01 
1.944800E+04 	1.500000E+03 	3.700000E+01 
1.945700E+04 	1.500000E+03 	3.700000E+01 
1.949600E+04 	1.500000E+03 	3.700000E+01 
1.951400E+04 	1.500000E+03 	3.700000E+01 
1.951500E+04 	1.500000E+03 	3.700000E+01 
1.953700E+04 	1.500000E+03 	3.700000E+01 
1.953800E+04 	1.500000E+03 	3.700000E+01 
1.954300E+04 	1.500000E+03 	3.700000E+01 
1.954400E+04 	1.500000E+03 	3.700000E+01 
1.954600E+04 	1.500000E+03 	3.600000E+01 
1.954800E+04 	1.500000E+03 	3.700000E+01 
1.955900E+04 	1.500000E+03 	3.700000E+01 
1.956200E+04 	1.500000E+03 	3.700000E+01 
1.956300E+04 	1.500000E+03 	3.700000E+01 
1.957200E+04 	1.500000E+03 	3.700000E+01 
1.958300E+04 	1.500000E+03 	3.700000E+01 
1.959200E+04 	1.500000E+03 	3.600000E+01 
1.959300E+04 	1.500000E+03 	3.600000E+01 
1.959900E+04 	1.500000E+03 	3.700000E+01 
1.960300E+04 	1.500000E+03 	3.700000E+01 
1.961200E+04 	1.500000E+03 	3.700000E+01 
1.965100E+04 	1.500000E+03 	3.700000E+01 
1.966700E+04 	1.500000E+03 	3.700000E+01 
1.967600E+04 	1.500000E+03 	3.700000E+01 
1.968000E+04 	1.500000E+03 	3.700000E+01 
1.969600E+04 	1.500000E+03 	3.700000E+01 
1.969700E+04 	1.500000E+03 	3.600000E+01 
1.969900E+04 	1.500000E+03 	3.700000E+01 
1.970000E+04 	1.500000E+03 	3.700000E+01 
1.970200E+04 	1.500000E+03 	3.700000E+01 
1.971000E+04 	1.500000E+03 	3.700000E+01 
1.971200E+04 	1.500000E+03 	3.700000E+01 
1.971300E+04 	1.500000E+03 	3.700000E+01 
1.971400E+04 	1.500000E+03 	3.700000E+01 
1.971500E+04 	1.500000E+03 	3.700000E+01 
1.971800E+04 	1.500000E+03 	3.700000E+01 
1.972500E+04 	1.500000E+03 	3.700000E+01 
1.973900E+04 	1.500000E+03 	3.700000E+01 
1.974000E+04 	1.500000E+03 	3.700000E+01 
1.975200E+04 	1.500000E+03 	3.700000E+01 
1.975600E+04 	1.500000E+03 	3.600000E+01 
1.976900E+04 	1.500000E+03 	3.700000E+01 
1.977200E+04 	1.500000E+03 	3.700000E+01 
1.977300E+04 	1.500000E+03 	3.700000E+01 
1.977400E+04 	1.500000E+03 	3.700000E+01 
1.978200E+04 	1.500000E+03 	3.700000E+01 
1.982600E+04 	1.500000E+03 	3.700000E+01 
1.984700E+04 	1.500000E+03 	3.700000E+01 
1.986000E+04 	1.500000E+03 	3.700000E+01 
1.987400E+04 	1.500000E+03 	3.700000E+01 
1.987500E+04 	1.500000E+03 	3.700000E+01 
1.987800E+04 	1.500000E+03 	3.700000E+01 
1.988000E+04 	1.500000E+03 	3.700000E+01 
1.988300E+04 	1.500000E+03 	3.700000E+01 
1.988400E+04 	1.500000E+03 	3.700000E+01 
1.988600E+04 	1.500000E+03 	3.600000E+01 
1.988700E+04 	1.500000E+03 	3.600000E+01 
1.989500E+04 	1.500000E+03 	3.700000E+01 
1.991800E+04 	1.500000E+03 	3.700000E+01 
1.992100E+04 	1.500000E+03 	3.700000E+01 
1.994100E+04 	1.500000E+03 	3.700000E+01 
1.994200E+04 	1.500000E+03 	3.700000E+01 
1.995300E+04 	1.500000E+03 	3.700000E+01 
1.995900E+04 	1.500000E+03 	3.700000E+01 
1.996800E+04 	1.500000E+03 	3.700000E+01 
1.999800E+04 	1.500000E+03 	3.700000E+01 
2.000900E+04 	1.500000E+03 	3.700000E+01 
2.002700E+04 	1.500000E+03 	3.700000E+01 
2.003400E+04 	1.500000E+03 	3.700000E+01 
2.004000E+04 	1.500000E+03 	3.700000E+01 
2.004100E+04 	1.500000E+03 	3.700000E+01 
2.004800E+04 	1.500000E+03 	3.700000E+01 
2.004900E+04 	1.500000E+03 	3.700000E+01 
2.005400E+04 	1.500000E+03 	3.700000E+01 
2.005700E+04 	1.500000E+03 	3.700000E+01 
2.006400E+04 	1.500000E+03 	3.700000E+01 
2.008400E+04 	1.500000E+03 	3.700000E+01 
2.009100E+04 	1.500000E+03 	3.700000E+01 
2.010100E+04 	1.500000E+03 	3.700000E+01 
2.010500E+04 	1.500000E+03 	3.700000E+01 
2.010700E+04 	1.500000E+03 	3.700000E+01 
2.010900E+04 	1.500000E+03 	3.600000E+01 
2.011000E+04 	1.500000E+03 	3.600000E+01 
2.011400E+04 	1.500000E+03 	3.700000E+01 
2.019500E+04 	1.500000E+03 	3.700000E+01 
2.019900E+04 	1.500000E+03 	3.700000E+01 
2.020200E+04 	1.500000E+03 	3.700000E+01 
2.020500E+04 	1.500000E+03 	3.700000E+01 
2.020900E+04 	1.500000E+03 	3.700000E+01 
2.024100E+04 	1.500000E+03 	3.700000E+01 
2.024600E+04 	1.500000E+03 	3.700000E+01 
2.024900E+04 	1.500000E+03 	3.700000E+01 
2.025400E+04 	1.500000E+03 	3.700000E+01 
2.025600E+04 	1.500000E+03 	3.700000E+01 
2.025700E+04 	1.500000E+03 	3.700000E+01 
2.026000E+04 	1.500000E+03 	3.700000E+01 
2.027100E+04 	1.500000E+03 	3.700000E+01 
2.027800E+04 	1.500000E+03 	3.700000E+01 
2.030100E+04 	1.500000E+03 	3.700000E+01 
2.031000E+04 	1.500000E+03 	3.600000E+01 
2.032000E+04 	1.500000E+03 	3.700000E+01 
2.032200E+04 	1.500000E+03 	3.700000E+01 
2.035400E+04 	1.500000E+03 	3.700000E+01 
2.036700E+04 	1.500000E+03 	3.700000E+01 
2.037100E+04 	1.500000E+03 	3.700000E+01 
2.037200E+04 	1.500000E+03 	3.700000E+01 
2.038800E+04 	1.500000E+03 	3.700000E+01 
2.040600E+04 	1.500000E+03 	3.700000E+01 
2.041000E+04 	1.500000E+03 	3.700000E+01 
2.041300E+04 	1.500000E+03 	3.700000E+01 
2.041400E+04 	1.500000E+03 	3.700000E+01 
2.041500E+04 	1.500000E+03 	3.700000E+01 
2.042200E+04 	1.500000E+03 	3.700000E+01 
2.042700E+04 	1.500000E+03 	3.700000E+01 
2.042900E+04 	1.500000E+03 	3.700000E+01 
2.043800E+04 	1.500000E+03 	3.700000E+01 
2.044800E+04 	1.500000E+03 	3.700000E+01 
2.045700E+04 	1.500000E+03 	3.700000E+01 
2.047200E+04 	1.500000E+03 	3.700000E+01 
2.049100E+04 	1.500000E+03 	3.700000E+01 
2.051200E+04 	1.500000E+03 	3.700000E+01 
2.055600E+04 	1.500000E+03 	3.700000E+01 
2.055900E+04 	1.500000E+03 	3.700000E+01 
2.056400E+04 	1.500000E+03 	3.700000E+01 
2.060100E+04 	1.500000E+03 	3.700000E+01 
2.060600E+04 	1.500000E+03 	3.700000E+01 
2.060800E+04 	1.500000E+03 	3.700000E+01 
2.061100E+04 	1.500000E+03 	3.700000E+01 
2.061300E+04 	1.500000E+03 	3.700000E+01 
2.062500E+04 	1.500000E+03 	3.700000E+01 
2.062600E+04 	1.500000E+03 	3.600000E+01 
2.062700E+04 	1.500000E+03 	3.600000E+01 
2.063200E+04 	1.500000E+03 	3.700000E+01 
2.063300E+04 	1.500000E+03 	3.700000E+01 
2.064000E+04 	1.500000E+03 	3.700000E+01 
2.064900E+04 	1.500000E+03 	3.600000E+01 
2.067000E+04 	1.500000E+03 	3.600000E+01 
2.067400E+04 	1.500000E+03 	3.200000E+01 
2.073400E+04 	1.500000E+03 	3.700000E+01 
2.073500E+04 	1.500000E+03 	3.700000E+01 
2.075600E+04 	1.500000E+03 	3.700000E+01 
2.077700E+04 	1.500000E+03 	3.700000E+01 
2.077900E+04 	1.500000E+03 	3.700000E+01 
2.078700E+04 	1.500000E+03 	3.700000E+01 
2.079100E+04 	1.500000E+03 	3.700000E+01 
2.079600E+04 	1.500000E+03 	3.700000E+01 
2.079900E+04 	1.500000E+03 	3.700000E+01 
2.080100E+04 	1.500000E+03 	3.700000E+01 
2.080200E+04 	1.500000E+03 	3.700000E+01 
2.080300E+04 	1.500000E+03 	3.700000E+01 
2.081000E+04 	1.500000E+03 	3.700000E+01 
2.081400E+04 	1.500000E+03 	3.700000E+01 
2.083000E+04 	1.500000E+03 	3.700000E+01 
2.084600E+04 	1.500000E+03 	3.700000E+01 
2.084700E+04 	1.500000E+03 	3.700000E+01 
2.085200E+04 	1.500000E+03 	3.700000E+01 
2.085400E+04 	1.500000E+03 	3.600000E+01 
2.087000E+04 	1.500000E+03 	3.700000E+01 
2.091900E+04 	1.500000E+03 	3.700000E+01 
2.092200E+04 	1.500000E+03 	3.700000E+01 
2.092800E+04 	1.500000E+03 	3.700000E+01 
2.092900E+04 	1.500000E+03 	3.700000E+01 
2.093500E+04 	1.500000E+03 	3.700000E+01 
2.093900E+04 	1.500000E+03 	3.700000E+01 
2.094800E+04 	1.500000E+03 	3.700000E+01 
2.096000E+04 	1.500000E+03 	3.700000E+01 
2.096400E+04 	1.500000E+03 	3.700000E+01 
2.096800E+04 	1.500000E+03 	3.700000E+01 
2.096900E+04 	1.500000E+03 	3.700000E+01 
2.097300E+04 	1.500000E+03 	3.700000E+01 
2.097900E+04 	1.500000E+03 	3.700000E+01 
2.100000E+04 	1.500000E+03 	3.700000E+01 
2.101400E+04 	1.500000E+03 	3.600000E+01 
2.101600E+04 	1.500000E+03 	3.600000E+01 
2.101700E+04 	1.500000E+03 	3.600000E+01 
2.102000E+04 	1.500000E+03 	3.700000E+01 
2.102600E+04 	1.500000E+03 	3.700000E+01 
2.103300E+04 	1.500000E+03 	3.700000E+01 
2.105100E+04 	1.500000E+03 	3.700000E+01 
2.105800E+04 	1.500000E+03 	3.700000E+01 
2.111300E+04 	1.500000E+03 	3.700000E+01 
2.112200E+04 	1.500000E+03 	3.700000E+01 
2.113300E+04 	1.500000E+03 	3.700000E+01 
2.113900E+04 	1.500000E+03 	3.700000E+01 
2.114200E+04 	1.500000E+03 	3.700000E+01 
2.114500E+04 	1.500000E+03 	3.700000E+01 
2.115400E+04 	1.500000E+03 	3.700000E+01 
2.116200E+04 	1.500000E+03 	3.700000E+01 
2.116300E+04 	1.500000E+03 	3.700000E+01 
2.118700E+04 	1.500000E+03 	3.700000E+01 
2.118800E+04 	1.500000E+03 	3.700000E+01 
2.118900E+04 	1.500000E+03 	3.700000E+01 
2.119800E+04 	1.500000E+03 	3.700000E+01 
2.119900E+04 	1.500000E+03 	3.700000E+01 
2.120100E+04 	1.500000E+03 	3.600000E+01 
2.120300E+04 	1.500000E+03 	3.700000E+01 
2.121400E+04 	1.500000E+03 	3.700000E+01 
2.121700E+04 	1.500000E+03 	3.700000E+01 
2.126400E+04 	1.500000E+03 	3.700000E+01 
2.127900E+04 	1.500000E+03 	3.700000E+01 
2.128000E+04 	1.500000E+03 	3.700000E+01 
2.129100E+04 	1.500000E+03 	3.700000E+01 
2.129200E+04 	1.500000E+03 	3.700000E+01 
2.129500E+04 	1.500000E+03 	3.700000E+01 
2.129800E+04 	1.500000E+03 	3.700000E+01 
2.130200E+04 	1.500000E+03 	3.700000E+01 
2.130400E+04 	1.500000E+03 	3.700000E+01 
2.130800E+04 	1.500000E+03 	3.700000E+01 
2.133000E+04 	1.500000E+03 	3.700000E+01 
2.134300E+04 	1.500000E+03 	3.600000E+01 
2.134700E+04 	1.500000E+03 	3.700000E+01 
2.135000E+04 	1.500000E+03 	3.700000E+01 
2.135500E+04 	1.500000E+03 	3.700000E+01 
2.135600E+04 	1.500000E+03 	3.600000E+01 
2.135700E+04 	1.500000E+03 	3.700000E+01 
2.136000E+04 	1.500000E+03 	3.700000E+01 
2.136800E+04 	1.500000E+03 	3.700000E+01 
2.137000E+04 	1.500000E+03 	3.700000E+01 
2.139900E+04 	1.500000E+03 	3.700000E+01 
2.140300E+04 	1.500000E+03 	3.700000E+01 
2.142600E+04 	1.500000E+03 	3.700000E+01 
2.144800E+04 	1.500000E+03 	3.700000E+01 
2.145000E+04 	1.500000E+03 	3.700000E+01 
2.145100E+04 	1.500000E+03 	3.700000E+01 
2.145900E+04 	1.500000E+03 	3.700000E+01 
2.146100E+04 	1.500000E+03 	3.700000E+01 
2.148200E+04 	1.500000E+03 	3.700000E+01 
2.150100E+04 	1.500000E+03 	3.700000E+01 
2.150200E+04 	1.500000E+03 	3.700000E+01 
2.150400E+04 	1.500000E+03 	3.700000E+01 
2.151100E+04 	1.500000E+03 	3.700000E+01 
2.156100E+04 	1.500000E+03 	3.700000E+01 
2.158000E+04 	1.500000E+03 	3.700000E+01 
2.158400E+04 	1.500000E+03 	3.700000E+01 
2.160400E+04 	1.500000E+03 	3.700000E+01 
2.162300E+04 	1.500000E+03 	3.700000E+01 
2.163300E+04 	1.500000E+03 	3.700000E+01 
2.163600E+04 	1.500000E+03 	3.700000E+01 
2.164300E+04 	1.500000E+03 	3.700000E+01 
2.164800E+04 	1.500000E+03 	3.700000E+01 
2.165000E+04 	1.500000E+03 	3.700000E+01 
2.165100E+04 	1.500000E+03 	3.700000E+01 
2.166700E+04 	1.500000E+03 	3.700000E+01 
2.172300E+04 	1.500000E+03 	3.700000E+01 
2.172500E+04 	1.500000E+03 	3.700000E+01 
2.174200E+04 	1.500000E+03 	3.700000E+01 
2.174500E+04 	1.500000E+03 	3.700000E+01 
2.174800E+04 	1.500000E+03 	3.700000E+01 
2.175200E+04 	1.500000E+03 	3.700000E+01 
2.176900E+04 	1.500000E+03 	3.700000E+01 
2.177600E+04 	1.500000E+03 	3.700000E+01 
2.177800E+04 	1.500000E+03 	3.700000E+01 
2.178900E+04 	1.500000E+03 	3.700000E+01 
2.179600E+04 	1.500000E+03 	3.600000E+01 
2.180700E+04 	1.500000E+03 	3.700000E+01 
2.180800E+04 	1.500000E+03 	3.700000E+01 
2.181600E+04 	1.500000E+03 	3.700000E+01 
2.181800E+04 	1.500000E+03 	3.700000E+01 
2.182600E+04 	1.500000E+03 	3.700000E+01 
2.187700E+04 	1.500000E+03 	3.700000E+01 
2.187800E+04 	1.500000E+03 	3.700000E+01 
2.189900E+04 	1.500000E+03 	3.700000E+01 
2.190300E+04 	1.500000E+03 	3.700000E+01 
2.191900E+04 	1.500000E+03 	3.700000E+01 
2.192000E+04 	1.500000E+03 	3.700000E+01 
2.192400E+04 	1.500000E+03 	3.700000E+01 
2.192800E+04 	1.500000E+03 	3.700000E+01 
2.193300E+04 	1.500000E+03 	3.700000E+01 
2.196500E+04 	1.500000E+03 	3.700000E+01 
2.196600E+04 	1.500000E+03 	3.700000E+01 
2.197200E+04 	1.500000E+03 	3.600000E+01 
2.197800E+04 	1.500000E+03 	3.700000E+01 
2.198100E+04 	1.500000E+03 	3.700000E+01 
2.198200E+04 	1.500000E+03 	3.700000E+01 
2.198500E+04 	1.500000E+03 	3.700000E+01 
2.204700E+04 	1.500000E+03 	3.700000E+01 
2.205400E+04 	1.500000E+03 	3.700000E+01 
2.205600E+04 	1.500000E+03 	3.700000E+01 
2.206700E+04 	1.500000E+03 	3.700000E+01 
2.206800E+04 	1.500000E+03 	3.700000E+01 
2.207600E+04 	1.500000E+03 	3.700000E+01 
2.207800E+04 	1.500000E+03 	3.700000E+01 
2.208100E+04 	1.500000E+03 	3.700000E+01 
2.208500E+04 	1.500000E+03 	3.700000E+01 
2.209000E+04 	1.500000E+03 	3.700000E+01 
2.209100E+04 	1.500000E+03 	3.700000E+01 
2.213100E+04 	1.500000E+03 	3.700000E+01 
2.213400E+04 	1.500000E+03 	3.600000E+01 
2.214200E+04 	1.500000E+03 	3.600000E+01 
2.214900E+04 	1.500000E+03 	3.700000E+01 
2.220600E+04 	1.500000E+03 	3.700000E+01 
2.221500E+04 	1.500000E+03 	3.700000E+01 
2.223000E+04 	1.500000E+03 	3.600000E+01 
2.223100E+04 	1.500000E+03 	3.700000E+01 
2.224200E+04 	1.500000E+03 	3.600000E+01 
2.224600E+04 	1.500000E+03 	3.700000E+01 
2.224800E+04 	1.500000E+03 	3.700000E+01 
2.227900E+04 	1.500000E+03 	3.600000E+01 
2.229100E+04 	1.500000E+03 	3.700000E+01 
2.229200E+04 	1.500000E+03 	3.600000E+01 
2.229600E+04 	1.500000E+03 	3.700000E+01 
2.230400E+04 	1.500000E+03 	3.700000E+01 
2.237000E+04 	1.500000E+03 	3.700000E+01 
2.238700E+04 	1.500000E+03 	3.700000E+01 
2.239200E+04 	1.500000E+03 	3.700000E+01 
2.239300E+04 	1.500000E+03 	3.700000E+01 
2.239400E+04 	1.500000E+03 	3.700000E+01 
2.239500E+04 	1.500000E+03 	3.600000E+01 
2.240700E+04 	1.500000E+03 	3.700000E+01 
2.241300E+04 	1.500000E+03 	3.700000E+01 
2.243300E+04 	1.500000E+03 	3.700000E+01 
2.246900E+04 	1.500000E+03 	3.700000E+01 
2.247200E+04 	1.500000E+03 	3.700000E+01 
2.247400E+04 	1.500000E+03 	3.700000E+01 
2.247600E+04 	1.500000E+03 	3.700000E+01 
2.252400E+04 	1.500000E+03 	3.700000E+01 
2.252700E+04 	1.500000E+03 	3.700000E+01 
2.253800E+04 	1.500000E+03 	3.700000E+01 
2.259100E+04 	1.500000E+03 	3.700000E+01 
2.260000E+04 	1.500000E+03 	3.700000E+01 
2.260100E+04 	1.500000E+03 	3.700000E+01 
2.260200E+04 	1.500000E+03 	3.700000E+01 
2.260300E+04 	1.500000E+03 	3.700000E+01 
2.261500E+04 	1.500000E+03 	3.700000E+01 
2.262000E+04 	1.500000E+03 	3.700000E+01 
2.262500E+04 	1.500000E+03 	3.700000E+01 
2.269100E+04 	1.500000E+03 	3.700000E+01 
2.269500E+04 	1.500000E+03 	3.700000E+01 
2.270900E+04 	1.500000E+03 	3.700000E+01 
2.271600E+04 	1.500000E+03 	3.700000E+01 
2.272600E+04 	1.500000E+03 	3.700000E+01 
2.272700E+04 	1.500000E+03 	3.700000E+01 
2.273200E+04 	1.500000E+03 	3.700000E+01 
2.276000E+04 	1.500000E+03 	3.700000E+01 
2.277300E+04 	1.500000E+03 	3.700000E+01 
2.278200E+04 	1.500000E+03 	3.600000E+01 
2.278700E+04 	1.500000E+03 	3.600000E+01 
2.278800E+04 	1.500000E+03 	3.600000E+01 
2.278900E+04 	1.500000E+03 	3.600000E+01 
2.279200E+04 	1.500000E+03 	3.700000E+01 
2.279400E+04 	1.500000E+03 	3.600000E+01 
2.282500E+04 	1.500000E+03 	3.700000E+01 
2.289000E+04 	1.500000E+03 	3.700000E+01 
2.289200E+04 	1.500000E+03 	3.700000E+01 
2.289600E+04 	1.500000E+03 	3.700000E+01 
2.294500E+04 	1.500000E+03 	3.700000E+01 
2.294800E+04 	1.500000E+03 	3.600000E+01 
2.296600E+04 	1.500000E+03 	3.700000E+01 
2.297100E+04 	1.500000E+03 	3.700000E+01 
2.298400E+04 	1.500000E+03 	3.700000E+01 
2.299000E+04 	1.500000E+03 	3.600000E+01 
2.299400E+04 	1.500000E+03 	3.700000E+01 
2.299500E+04 	1.500000E+03 	3.700000E+01 
2.300200E+04 	1.500000E+03 	3.700000E+01 
2.302900E+04 	1.500000E+03 	3.700000E+01 
2.306500E+04 	1.500000E+03 	3.700000E+01 
2.306600E+04 	1.500000E+03 	3.700000E+01 
2.306700E+04 	1.500000E+03 	3.700000E+01 
2.307400E+04 	1.500000E+03 	3.700000E+01 
2.310600E+04 	1.500000E+03 	3.700000E+01 
2.311500E+04 	1.500000E+03 	3.700000E+01 
2.311900E+04 	1.500000E+03 	3.700000E+01 
2.312000E+04 	1.500000E+03 	3.700000E+01 
2.312100E+04 	1.500000E+03 	3.700000E+01 
2.313600E+04 	1.500000E+03 	3.700000E+01 
2.313700E+04 	1.500000E+03 	3.700000E+01 
2.315100E+04 	1.500000E+03 	3.700000E+01 
2.316200E+04 	1.500000E+03 	3.700000E+01 
2.316900E+04 	1.500000E+03 	3.700000E+01 
2.317700E+04 	1.500000E+03 	3.700000E+01 
2.318300E+04 	1.500000E+03 	3.700000E+01 
2.319400E+04 	1.500000E+03 	3.700000E+01 
2.322900E+04 	1.500000E+03 	3.700000E+01 
2.323100E+04 	1.500000E+03 	3.700000E+01 
2.323600E+04 	1.500000E+03 	3.700000E+01 
2.325100E+04 	1.500000E+03 	3.700000E+01 
2.325700E+04 	1.500000E+03 	3.700000E+01 
2.326100E+04 	1.500000E+03 	3.700000E+01 
2.329700E+04 	1.500000E+03 	3.700000E+01 
2.330300E+04 	1.500000E+03 	3.700000E+01 
2.331000E+04 	1.500000E+03 	3.700000E+01 
2.331300E+04 	1.500000E+03 	3.700000E+01 
2.331500E+04 	1.500000E+03 	3.700000E+01 
2.331600E+04 	1.500000E+03 	3.700000E+01 
2.331700E+04 	1.500000E+03 	3.700000E+01 
2.332800E+04 	1.500000E+03 	3.700000E+01 
2.337400E+04 	1.500000E+03 	3.600000E+01 
2.343400E+04 	1.500000E+03 	3.700000E+01 
2.344500E+04 	1.500000E+03 	3.700000E+01 
2.350100E+04 	1.500000E+03 	3.700000E+01 
2.351400E+04 	1.500000E+03 	3.700000E+01 
2.352400E+04 	1.500000E+03 	3.700000E+01 
2.355000E+04 	1.500000E+03 	3.700000E+01 
2.358500E+04 	1.500000E+03 	3.700000E+01 
2.359200E+04 	1.500000E+03 	3.700000E+01 
2.359400E+04 	1.500000E+03 	3.700000E+01 
2.360300E+04 	1.500000E+03 	3.700000E+01 
2.364000E+04 	1.500000E+03 	3.700000E+01 
2.365500E+04 	1.500000E+03 	3.700000E+01 
2.370000E+04 	1.500000E+03 	3.700000E+01 
2.370600E+04 	1.500000E+03 	3.700000E+01 
2.371400E+04 	1.500000E+03 	3.700000E+01 
2.373200E+04 	1.500000E+03 	3.700000E+01 
2.373300E+04 	1.500000E+03 	3.700000E+01 
2.377200E+04 	1.500000E+03 	3.700000E+01 
2.377500E+04 	1.500000E+03 	3.700000E+01 
2.377700E+04 	1.500000E+03 	3.700000E+01 
2.378700E+04 	1.500000E+03 	3.700000E+01 
2.379200E+04 	1.500000E+03 	3.700000E+01 
2.382600E+04 	1.500000E+03 	3.700000E+01 
2.382700E+04 	1.500000E+03 	3.700000E+01 
2.383900E+04 	1.500000E+03 	3.700000E+01 
2.384800E+04 	1.500000E+03 	3.700000E+01 
2.386300E+04 	1.500000E+03 	3.700000E+01 
2.388800E+04 	1.500000E+03 	3.700000E+01 
2.389100E+04 	1.500000E+03 	3.700000E+01 
2.391400E+04 	1.500000E+03 	3.700000E+01 
2.392100E+04 	1.500000E+03 	3.700000E+01 
2.392700E+04 	1.500000E+03 	3.700000E+01 
2.394300E+04 	1.500000E+03 	3.700000E+01 
2.394900E+04 	1.500000E+03 	3.700000E+01 
2.401000E+04 	1.500000E+03 	3.700000E+01 
2.402800E+04 	1.500000E+03 	3.700000E+01 
2.403000E+04 	1.500000E+03 	3.700000E+01 
2.404900E+04 	1.500000E+03 	3.700000E+01 
2.405100E+04 	1.500000E+03 	3.600000E+01 
2.409300E+04 	1.500000E+03 	3.700000E+01 
2.410300E+04 	1.500000E+03 	3.700000E+01 
2.411100E+04 	1.500000E+03 	3.700000E+01 
2.415100E+04 	1.500000E+03 	3.700000E+01 
2.417300E+04 	1.500000E+03 	3.700000E+01 
2.418200E+04 	1.500000E+03 	3.700000E+01 
2.424600E+04 	1.500000E+03 	3.700000E+01 
2.425000E+04 	1.500000E+03 	3.700000E+01 
2.427000E+04 	1.500000E+03 	3.700000E+01 
2.430800E+04 	1.500000E+03 	3.700000E+01 
2.431700E+04 	1.500000E+03 	3.700000E+01 
2.431800E+04 	1.500000E+03 	3.600000E+01 
2.432600E+04 	1.500000E+03 	3.700000E+01 
2.432700E+04 	1.500000E+03 	3.700000E+01 
2.432900E+04 	1.500000E+03 	3.700000E+01 
2.433600E+04 	1.500000E+03 	3.700000E+01 
2.434000E+04 	1.500000E+03 	3.700000E+01 
2.440500E+04 	1.500000E+03 	3.700000E+01 
2.443500E+04 	1.500000E+03 	3.700000E+01 
2.448600E+04 	1.500000E+03 	3.700000E+01 
2.449700E+04 	1.500000E+03 	3.700000E+01 
2.450100E+04 	1.500000E+03 	3.700000E+01 
2.452800E+04 	1.500000E+03 	3.700000E+01 
2.453200E+04 	1.500000E+03 	3.600000E+01 
2.454900E+04 	1.500000E+03 	3.700000E+01 
2.456600E+04 	1.500000E+03 	3.700000E+01 
2.456800E+04 	1.500000E+03 	3.700000E+01 
2.464300E+04 	1.500000E+03 	3.700000E+01 
2.466800E+04 	1.500000E+03 	3.700000E+01 
2.468200E+04 	1.500000E+03 	3.700000E+01 
2.469200E+04 	1.500000E+03 	3.700000E+01 
2.471100E+04 	1.500000E+03 	3.600000E+01 
2.481600E+04 	1.500000E+03 	3.700000E+01 
2.483400E+04 	1.500000E+03 	3.700000E+01 
2.485700E+04 	1.500000E+03 	3.700000E+01 
2.486500E+04 	1.500000E+03 	3.700000E+01 
2.486800E+04 	1.500000E+03 	3.700000E+01 
2.494400E+04 	1.500000E+03 	3.700000E+01 
2.501500E+04 	1.500000E+03 	3.700000E+01 
2.503000E+04 	1.500000E+03 	3.700000E+01 
2.509700E+04 	1.500000E+03 	3.700000E+01 
2.509900E+04 	1.500000E+03 	3.700000E+01 
2.510000E+04 	1.500000E+03 	3.700000E+01 
2.510100E+04 	1.500000E+03 	3.700000E+01 
2.510400E+04 	1.500000E+03 	3.700000E+01 
2.511800E+04 	1.500000E+03 	3.700000E+01 
2.512800E+04 	1.500000E+03 	3.700000E+01 
2.514700E+04 	1.500000E+03 	3.700000E+01 
2.517700E+04 	1.500000E+03 	3.700000E+01 
2.522300E+04 	1.500000E+03 	3.700000E+01 
2.525100E+04 	1.500000E+03 	3.700000E+01 
2.527500E+04 	1.500000E+03 	3.700000E+01 
2.528500E+04 	1.500000E+03 	3.600000E+01 
2.528600E+04 	1.500000E+03 	3.700000E+01 
2.529100E+04 	1.500000E+03 	3.700000E+01 
2.529300E+04 	1.500000E+03 	3.700000E+01 
2.529500E+04 	1.500000E+03 	3.700000E+01 
2.532100E+04 	1.500000E+03 	3.700000E+01 
2.533700E+04 	1.500000E+03 	3.700000E+01 
2.537200E+04 	1.500000E+03 	3.700000E+01 
2.540600E+04 	1.500000E+03 	3.700000E+01 
2.544200E+04 	1.500000E+03 	3.700000E+01 
2.544500E+04 	1.500000E+03 	3.700000E+01 
2.544900E+04 	1.500000E+03 	3.700000E+01 
2.545100E+04 	1.500000E+03 	3.700000E+01 
2.550500E+04 	1.500000E+03 	3.700000E+01 
2.552900E+04 	1.500000E+03 	3.700000E+01 
2.555400E+04 	1.500000E+03 	3.700000E+01 
2.560400E+04 	1.500000E+03 	3.700000E+01 
2.561900E+04 	1.500000E+03 	3.700000E+01 
2.569200E+04 	1.500000E+03 	3.700000E+01 
2.571000E+04 	1.500000E+03 	3.700000E+01 
2.572000E+04 	1.500000E+03 	3.700000E+01 
2.574500E+04 	1.500000E+03 	3.600000E+01 
2.574600E+04 	1.500000E+03 	3.600000E+01 
2.575800E+04 	1.500000E+03 	3.700000E+01 
2.578500E+04 	1.500000E+03 	3.700000E+01 
2.584100E+04 	1.500000E+03 	3.700000E+01 
2.587400E+04 	1.500000E+03 	3.700000E+01 
2.592900E+04 	1.500000E+03 	3.700000E+01 
2.593000E+04 	1.500000E+03 	3.700000E+01 
2.593400E+04 	1.500000E+03 	3.700000E+01 
2.593800E+04 	1.500000E+03 	3.600000E+01 
2.594500E+04 	1.500000E+03 	3.700000E+01 
2.603300E+04 	1.500000E+03 	3.700000E+01 
2.606400E+04 	1.500000E+03 	3.700000E+01 
2.606700E+04 	1.500000E+03 	3.700000E+01 
2.611700E+04 	1.500000E+03 	3.700000E+01 
2.614500E+04 	1.500000E+03 	3.700000E+01 
2.620100E+04 	1.500000E+03 	3.300000E+01 
2.621300E+04 	1.500000E+03 	3.700000E+01 
2.626200E+04 	1.500000E+03 	3.700000E+01 
2.627100E+04 	1.500000E+03 	3.700000E+01 
2.636800E+04 	1.500000E+03 	3.700000E+01 
2.637900E+04 	1.500000E+03 	3.700000E+01 
2.638300E+04 	1.500000E+03 	3.700000E+01 
2.638800E+04 	1.500000E+03 	3.700000E+01 
2.640000E+04 	1.500000E+03 	3.700000E+01 
2.642400E+04 	1.500000E+03 	3.700000E+01 
2.643600E+04 	1.500000E+03 	3.700000E+01 
2.646900E+04 	1.500000E+03 	3.700000E+01 
2.652800E+04 	1.500000E+03 	3.700000E+01 
2.657200E+04 	1.500000E+03 	3.600000E+01 
2.663500E+04 	1.500000E+03 	3.700000E+01 
2.664200E+04 	1.500000E+03 	3.600000E+01 
2.664300E+04 	1.500000E+03 	3.700000E+01 
2.671000E+04 	1.500000E+03 	3.700000E+01 
2.671600E+04 	1.500000E+03 	3.700000E+01 
2.672200E+04 	1.500000E+03 	3.700000E+01 
2.672400E+04 	1.500000E+03 	3.700000E+01 
2.674000E+04 	1.500000E+03 	3.700000E+01 
2.674300E+04 	1.500000E+03 	3.700000E+01 
2.682100E+04 	1.500000E+03 	3.700000E+01 
2.683500E+04 	1.500000E+03 	3.700000E+01 
2.684600E+04 	1.500000E+03 	3.700000E+01 
2.685700E+04 	1.500000E+03 	3.700000E+01 
2.689100E+04 	1.500000E+03 	3.700000E+01 
2.689900E+04 	1.500000E+03 	3.700000E+01 
2.690900E+04 	1.500000E+03 	3.700000E+01 
2.691500E+04 	1.500000E+03 	3.700000E+01 
2.693100E+04 	1.500000E+03 	3.700000E+01 
2.693800E+04 	1.500000E+03 	3.700000E+01 
2.694100E+04 	1.500000E+03 	3.600000E+01 
2.696300E+04 	1.500000E+03 	3.700000E+01 
2.697700E+04 	1.500000E+03 	3.700000E+01 
2.699200E+04 	1.500000E+03 	3.700000E+01 
2.699600E+04 	1.500000E+03 	3.700000E+01 
2.699800E+04 	1.500000E+03 	3.700000E+01 
2.699900E+04 	1.500000E+03 	3.700000E+01 
2.700600E+04 	1.500000E+03 	3.700000E+01 
2.700900E+04 	1.500000E+03 	3.700000E+01 
2.702400E+04 	1.500000E+03 	3.700000E+01 
2.702700E+04 	1.500000E+03 	3.700000E+01 
2.706900E+04 	1.500000E+03 	3.700000E+01 
2.708800E+04 	1.500000E+03 	3.700000E+01 
2.709200E+04 	1.500000E+03 	3.700000E+01 
2.711100E+04 	1.500000E+03 	3.700000E+01 
2.712000E+04 	1.500000E+03 	3.200000E+01 
2.712100E+04 	1.500000E+03 	3.600000E+01 
2.712800E+04 	1.500000E+03 	3.700000E+01 
2.713200E+04 	1.500000E+03 	3.700000E+01 
2.718700E+04 	1.500000E+03 	3.700000E+01 
2.720300E+04 	1.500000E+03 	3.700000E+01 
2.722100E+04 	1.500000E+03 	3.700000E+01 
2.726400E+04 	1.500000E+03 	3.700000E+01 
2.730000E+04 	1.500000E+03 	3.700000E+01 
2.732900E+04 	1.500000E+03 	3.600000E+01 
2.734500E+04 	1.500000E+03 	3.700000E+01 
2.737400E+04 	1.500000E+03 	3.700000E+01 
2.740100E+04 	1.500000E+03 	3.700000E+01 
2.741300E+04 	1.500000E+03 	3.700000E+01 
2.741600E+04 	1.500000E+03 	3.700000E+01 
2.743400E+04 	1.500000E+03 	3.700000E+01 
2.748400E+04 	1.500000E+03 	3.700000E+01 
2.753100E+04 	1.500000E+03 	3.700000E+01 
2.757100E+04 	1.500000E+03 	3.700000E+01 
2.757300E+04 	1.500000E+03 	3.700000E+01 
2.757400E+04 	1.500000E+03 	3.700000E+01 
2.758200E+04 	1.500000E+03 	3.700000E+01 
2.758300E+04 	1.500000E+03 	3.700000E+01 
2.762500E+04 	1.500000E+03 	3.700000E+01 
2.762700E+04 	1.500000E+03 	3.700000E+01 
2.774700E+04 	1.500000E+03 	3.700000E+01 
2.776800E+04 	1.500000E+03 	3.700000E+01 
2.776900E+04 	1.500000E+03 	3.700000E+01 
2.782600E+04 	1.500000E+03 	3.700000E+01 
2.786400E+04 	1.500000E+03 	3.700000E+01 
2.789700E+04 	1.500000E+03 	3.700000E+01 
2.791100E+04 	1.500000E+03 	3.600000E+01 
2.792300E+04 	1.500000E+03 	3.700000E+01 
2.793300E+04 	1.500000E+03 	3.600000E+01 
2.795200E+04 	1.500000E+03 	3.700000E+01 
2.797100E+04 	1.500000E+03 	3.700000E+01 
2.797800E+04 	1.500000E+03 	3.700000E+01 
2.798900E+04 	1.500000E+03 	3.700000E+01 
2.799300E+04 	1.500000E+03 	3.700000E+01 
2.801800E+04 	1.500000E+03 	3.700000E+01 
2.806000E+04 	1.500000E+03 	3.700000E+01 
2.808400E+04 	1.500000E+03 	3.700000E+01 
2.811500E+04 	1.500000E+03 	3.700000E+01 
2.813500E+04 	1.500000E+03 	3.700000E+01 
2.816400E+04 	1.500000E+03 	3.700000E+01 
2.818200E+04 	1.500000E+03 	3.700000E+01 
2.826300E+04 	1.500000E+03 	3.700000E+01 
2.827200E+04 	1.500000E+03 	3.700000E+01 
2.833300E+04 	1.500000E+03 	3.700000E+01 
2.834800E+04 	1.500000E+03 	3.700000E+01 
2.835700E+04 	1.500000E+03 	3.300000E+01 
2.837500E+04 	1.500000E+03 	3.700000E+01 
2.840600E+04 	1.500000E+03 	3.600000E+01 
2.842000E+04 	1.500000E+03 	3.700000E+01 
2.844800E+04 	1.500000E+03 	3.700000E+01 
2.849500E+04 	1.500000E+03 	3.700000E+01 
2.851200E+04 	1.500000E+03 	3.700000E+01 
2.851700E+04 	1.500000E+03 	3.700000E+01 
2.856000E+04 	1.500000E+03 	3.700000E+01 
2.860600E+04 	1.500000E+03 	3.700000E+01 
2.861400E+04 	1.500000E+03 	3.700000E+01 
2.867800E+04 	1.500000E+03 	3.700000E+01 
2.867900E+04 	1.500000E+03 	3.700000E+01 
2.878900E+04 	1.500000E+03 	3.700000E+01 
2.880600E+04 	1.500000E+03 	3.700000E+01 
2.883700E+04 	1.500000E+03 	3.700000E+01 
2.887100E+04 	1.500000E+03 	3.700000E+01 
2.887200E+04 	1.500000E+03 	3.700000E+01 
2.888000E+04 	1.500000E+03 	3.700000E+01 
2.892600E+04 	1.500000E+03 	3.700000E+01 
2.893600E+04 	1.500000E+03 	3.700000E+01 
2.897900E+04 	1.500000E+03 	3.700000E+01 
2.898200E+04 	1.500000E+03 	3.700000E+01 
2.898300E+04 	1.500000E+03 	3.700000E+01 
2.901500E+04 	1.500000E+03 	3.700000E+01 
2.903700E+04 	1.500000E+03 	3.700000E+01 
2.904900E+04 	1.500000E+03 	3.700000E+01 
2.908700E+04 	1.500000E+03 	3.700000E+01 
2.918800E+04 	1.500000E+03 	3.700000E+01 
2.919600E+04 	1.500000E+03 	3.700000E+01 
2.920300E+04 	1.500000E+03 	3.700000E+01 
2.920800E+04 	1.500000E+03 	3.700000E+01 
2.925600E+04 	1.500000E+03 	3.700000E+01 
2.926000E+04 	1.500000E+03 	3.700000E+01 
2.928300E+04 	1.500000E+03 	3.700000E+01 
2.933200E+04 	1.500000E+03 	3.700000E+01 
2.935500E+04 	1.500000E+03 	3.700000E+01 
2.935700E+04 	1.500000E+03 	3.700000E+01 
2.937300E+04 	1.500000E+03 	3.700000E+01 
2.938500E+04 	1.500000E+03 	3.700000E+01 
2.939800E+04 	1.500000E+03 	3.700000E+01 
2.942200E+04 	1.500000E+03 	3.700000E+01 
2.942400E+04 	1.500000E+03 	3.700000E+01 
2.944800E+04 	1.500000E+03 	3.700000E+01 
2.944900E+04 	1.500000E+03 	3.700000E+01 
2.946100E+04 	1.500000E+03 	3.700000E+01 
2.948600E+04 	1.500000E+03 	3.700000E+01 
2.950600E+04 	1.500000E+03 	3.700000E+01 
2.959000E+04 	1.500000E+03 	3.700000E+01 
2.961300E+04 	1.500000E+03 	3.700000E+01 
2.966500E+04 	1.500000E+03 	3.700000E+01 
2.970700E+04 	1.500000E+03 	3.700000E+01 
2.974800E+04 	1.500000E+03 	3.700000E+01 
2.974900E+04 	1.500000E+03 	3.600000E+01 
2.979000E+04 	1.500000E+03 	3.700000E+01 
2.981900E+04 	1.500000E+03 	3.700000E+01 
2.985500E+04 	1.500000E+03 	3.700000E+01 
2.985700E+04 	1.500000E+03 	3.700000E+01 
2.986100E+04 	1.500000E+03 	3.700000E+01 
2.987300E+04 	1.500000E+03 	3.700000E+01 
2.991100E+04 	1.500000E+03 	3.700000E+01 
2.991500E+04 	1.500000E+03 	3.700000E+01 
2.992800E+04 	1.500000E+03 	3.700000E+01 
2.995000E+04 	1.500000E+03 	3.700000E+01 
2.997000E+04 	1.500000E+03 	3.600000E+01 
2.997500E+04 	1.500000E+03 	3.700000E+01 
3.000200E+04 	1.500000E+03 	3.700000E+01 
3.001700E+04 	1.500000E+03 	3.700000E+01 
3.002900E+04 	1.500000E+03 	3.700000E+01 
3.004100E+04 	1.500000E+03 	3.700000E+01 
3.006900E+04 	1.500000E+03 	3.700000E+01 
3.019000E+04 	1.500000E+03 	3.700000E+01 
3.019700E+04 	1.500000E+03 	3.700000E+01 
3.020800E+04 	1.500000E+03 	3.700000E+01 
3.024000E+04 	1.500000E+03 	3.700000E+01 
3.033500E+04 	1.500000E+03 	3.700000E+01 
3.034000E+04 	1.500000E+03 	3.700000E+01 
3.034200E+04 	1.500000E+03 	3.700000E+01 
3.034600E+04 	1.500000E+03 	3.700000E+01 
3.034700E+04 	1.500000E+03 	3.700000E+01 
3.037400E+04 	1.500000E+03 	3.700000E+01 
3.038800E+04 	1.500000E+03 	3.700000E+01 
3.041400E+04 	1.500000E+03 	3.700000E+01 
3.042600E+04 	1.500000E+03 	3.700000E+01 
3.043700E+04 	1.500000E+03 	3.700000E+01 
3.047400E+04 	1.500000E+03 	3.700000E+01 
3.050100E+04 	1.500000E+03 	3.700000E+01 
3.052200E+04 	1.500000E+03 	3.700000E+01 
3.053400E+04 	1.500000E+03 	3.700000E+01 
3.055900E+04 	1.500000E+03 	3.700000E+01 
3.056400E+04 	1.500000E+03 	3.700000E+01 
3.056500E+04 	1.500000E+03 	3.700000E+01 
3.056900E+04 	1.500000E+03 	3.700000E+01 
3.061300E+04 	1.500000E+03 	3.700000E+01 
3.061400E+04 	1.500000E+03 	3.700000E+01 
3.068000E+04 	1.500000E+03 	3.700000E+01 
3.068400E+04 	1.500000E+03 	3.700000E+01 
3.068500E+04 	1.500000E+03 	3.700000E+01 
3.070900E+04 	1.500000E+03 	3.700000E+01 
3.072200E+04 	1.500000E+03 	3.700000E+01 
3.072500E+04 	1.500000E+03 	3.700000E+01 
3.073100E+04 	1.500000E+03 	3.700000E+01 
3.074500E+04 	1.500000E+03 	3.700000E+01 
3.078400E+04 	1.500000E+03 	3.700000E+01 
3.079800E+04 	1.500000E+03 	3.700000E+01 
3.081300E+04 	1.500000E+03 	3.700000E+01 
3.083000E+04 	1.500000E+03 	3.700000E+01 
3.083500E+04 	1.500000E+03 	3.700000E+01 
3.083600E+04 	1.500000E+03 	3.700000E+01 
3.084400E+04 	1.500000E+03 	3.700000E+01 
3.089500E+04 	1.500000E+03 	3.700000E+01 
3.092500E+04 	1.500000E+03 	3.700000E+01 
3.093100E+04 	1.500000E+03 	3.700000E+01 
3.093500E+04 	1.500000E+03 	3.700000E+01 
3.094800E+04 	1.500000E+03 	3.700000E+01 
3.095800E+04 	1.500000E+03 	3.700000E+01 
3.096500E+04 	1.500000E+03 	3.700000E+01 
3.096800E+04 	1.500000E+03 	3.700000E+01 
3.100100E+04 	1.500000E+03 	3.700000E+01 
3.112400E+04 	1.500000E+03 	3.700000E+01 
3.113700E+04 	1.500000E+03 	3.700000E+01 
3.121700E+04 	1.500000E+03 	3.700000E+01 
3.122300E+04 	1.500000E+03 	3.700000E+01 
3.124500E+04 	1.500000E+03 	3.700000E+01 
3.127000E+04 	1.500000E+03 	3.700000E+01 
3.128000E+04 	1.500000E+03 	3.700000E+01 
3.131300E+04 	1.500000E+03 	3.700000E+01 
3.134200E+04 	1.500000E+03 	3.700000E+01 
3.135900E+04 	1.500000E+03 	3.700000E+01 
3.137100E+04 	1.500000E+03 	3.700000E+01 
3.137700E+04 	1.500000E+03 	3.700000E+01 
3.140800E+04 	1.500000E+03 	3.700000E+01 
3.142300E+04 	1.500000E+03 	3.700000E+01 
3.142900E+04 	1.500000E+03 	3.300000E+01 
3.143700E+04 	1.500000E+03 	3.700000E+01 
3.150000E+04 	1.500000E+03 	3.700000E+01 
3.150200E+04 	1.500000E+03 	3.700000E+01 
3.153000E+04 	1.500000E+03 	3.700000E+01 
3.156300E+04 	1.500000E+03 	3.700000E+01 
3.156700E+04 	1.500000E+03 	3.700000E+01 
3.157000E+04 	1.500000E+03 	3.700000E+01 
3.161400E+04 	1.500000E+03 	3.700000E+01 
3.164100E+04 	1.500000E+03 	3.700000E+01 
3.166300E+04 	1.500000E+03 	3.700000E+01 
3.171300E+04 	1.500000E+03 	3.700000E+01 
3.171500E+04 	1.500000E+03 	3.700000E+01 
3.172900E+04 	1.500000E+03 	3.700000E+01 
3.173400E+04 	1.500000E+03 	3.700000E+01 
3.174700E+04 	1.500000E+03 	3.700000E+01 
3.179000E+04 	1.500000E+03 	3.700000E+01 
3.181300E+04 	1.500000E+03 	3.700000E+01 
3.186100E+04 	1.500000E+03 	3.700000E+01 
3.191100E+04 	1.500000E+03 	3.700000E+01 
3.192500E+04 	1.500000E+03 	3.700000E+01 
3.197700E+04 	1.500000E+03 	3.700000E+01 
3.197800E+04 	1.500000E+03 	3.700000E+01 
3.197900E+04 	1.500000E+03 	3.700000E+01 
3.199800E+04 	1.500000E+03 	3.700000E+01 
3.200400E+04 	1.500000E+03 	3.700000E+01 
3.200900E+04 	1.500000E+03 	3.700000E+01 
3.201900E+04 	1.500000E+03 	3.700000E+01 
3.202400E+04 	1.500000E+03 	3.700000E+01 
3.202600E+04 	1.500000E+03 	3.700000E+01 
3.203800E+04 	1.500000E+03 	3.700000E+01 
3.206500E+04 	1.500000E+03 	3.700000E+01 
3.210900E+04 	1.500000E+03 	3.700000E+01 
3.217800E+04 	1.500000E+03 	3.700000E+01 
3.220300E+04 	1.500000E+03 	3.700000E+01 
3.224100E+04 	1.500000E+03 	3.700000E+01 
3.227600E+04 	1.500000E+03 	3.700000E+01 
3.230000E+04 	1.500000E+03 	3.700000E+01 
3.230500E+04 	1.500000E+03 	3.700000E+01 
3.231600E+04 	1.500000E+03 	3.700000E+01 
3.233200E+04 	1.500000E+03 	3.700000E+01 
3.233800E+04 	1.500000E+03 	3.700000E+01 
3.234000E+04 	1.500000E+03 	3.700000E+01 
3.234700E+04 	1.500000E+03 	3.700000E+01 
3.235700E+04 	1.500000E+03 	3.700000E+01 
3.239300E+04 	1.500000E+03 	3.700000E+01 
3.242000E+04 	1.500000E+03 	3.700000E+01 
3.242400E+04 	1.500000E+03 	3.700000E+01 
3.242700E+04 	1.500000E+03 	3.700000E+01 
3.245400E+04 	1.500000E+03 	3.700000E+01 
3.248600E+04 	1.500000E+03 	3.700000E+01 
3.250400E+04 	1.500000E+03 	3.700000E+01 
3.251900E+04 	1.500000E+03 	3.700000E+01 
3.257800E+04 	1.500000E+03 	3.700000E+01 
3.262300E+04 	1.500000E+03 	3.700000E+01 
3.262500E+04 	1.500000E+03 	3.700000E+01 
3.262700E+04 	1.500000E+03 	3.700000E+01 
3.265000E+04 	1.500000E+03 	3.700000E+01 
3.267500E+04 	1.500000E+03 	3.700000E+01 
3.268200E+04 	1.500000E+03 	3.700000E+01 
3.268600E+04 	1.500000E+03 	3.700000E+01 
3.270500E+04 	1.500000E+03 	3.700000E+01 
3.270600E+04 	1.500000E+03 	3.700000E+01 
3.272200E+04 	1.500000E+03 	3.700000E+01 
3.277400E+04 	1.500000E+03 	3.700000E+01 
3.277500E+04 	1.500000E+03 	3.700000E+01 
3.280000E+04 	1.500000E+03 	3.700000E+01 
3.280300E+04 	1.500000E+03 	3.700000E+01 
3.280900E+04 	1.500000E+03 	3.600000E+01 
3.283100E+04 	1.500000E+03 	3.700000E+01 
3.285100E+04 	1.500000E+03 	3.700000E+01 
3.293700E+04 	1.500000E+03 	3.700000E+01 
3.293900E+04 	1.500000E+03 	3.700000E+01 
3.294500E+04 	1.500000E+03 	3.700000E+01 
3.294800E+04 	1.500000E+03 	3.700000E+01 
3.296400E+04 	1.500000E+03 	3.200000E+01 
3.298400E+04 	1.500000E+03 	3.700000E+01 
3.299000E+04 	1.500000E+03 	3.600000E+01 
3.310000E+04 	1.500000E+03 	3.700000E+01 
3.310900E+04 	1.500000E+03 	3.600000E+01 
3.311700E+04 	1.500000E+03 	3.700000E+01 
3.311900E+04 	1.500000E+03 	3.700000E+01 
3.315800E+04 	1.500000E+03 	3.700000E+01 
3.318800E+04 	1.500000E+03 	3.700000E+01 
3.322200E+04 	1.500000E+03 	3.700000E+01 
3.323200E+04 	1.500000E+03 	3.700000E+01 
3.325500E+04 	1.500000E+03 	3.700000E+01 
3.328100E+04 	1.500000E+03 	3.700000E+01 
3.333000E+04 	1.500000E+03 	3.700000E+01 
3.335700E+04 	1.500000E+03 	3.700000E+01 
3.336400E+04 	1.500000E+03 	3.700000E+01 
3.338100E+04 	1.500000E+03 	3.700000E+01 
3.343300E+04 	1.500000E+03 	3.700000E+01 
3.347400E+04 	1.500000E+03 	3.700000E+01 
3.349600E+04 	1.500000E+03 	3.700000E+01 
3.349900E+04 	1.500000E+03 	3.700000E+01 
3.350300E+04 	1.500000E+03 	3.700000E+01 
3.350800E+04 	1.500000E+03 	3.700000E+01 
3.352300E+04 	1.500000E+03 	3.600000E+01 
3.357500E+04 	1.500000E+03 	3.700000E+01 
3.358100E+04 	1.500000E+03 	3.700000E+01 
3.361500E+04 	1.500000E+03 	3.700000E+01 
3.361600E+04 	1.500000E+03 	3.700000E+01 
3.368100E+04 	1.500000E+03 	3.700000E+01 
3.374600E+04 	1.500000E+03 	3.700000E+01 
3.375300E+04 	1.500000E+03 	3.700000E+01 
3.375800E+04 	1.500000E+03 	3.700000E+01 
3.376100E+04 	1.500000E+03 	3.700000E+01 
3.378700E+04 	1.500000E+03 	3.600000E+01 
3.380600E+04 	1.500000E+03 	3.700000E+01 
3.381100E+04 	1.500000E+03 	3.700000E+01 
3.387500E+04 	1.500000E+03 	3.700000E+01 
3.390100E+04 	1.500000E+03 	3.700000E+01 
3.390500E+04 	1.500000E+03 	3.700000E+01 
3.393600E+04 	1.500000E+03 	3.700000E+01 
3.394600E+04 	1.500000E+03 	3.700000E+01 
3.395700E+04 	1.500000E+03 	3.700000E+01 
3.400000E+04 	1.500000E+03 	3.700000E+01 
3.400100E+04 	1.500000E+03 	3.700000E+01 
3.402100E+04 	1.500000E+03 	3.700000E+01 
3.403100E+04 	1.500000E+03 	3.700000E+01 
3.404000E+04 	1.500000E+03 	3.700000E+01 
3.404600E+04 	1.500000E+03 	3.700000E+01 
3.405500E+04 	1.500000E+03 	3.700000E+01 
3.410400E+04 	1.500000E+03 	3.700000E+01 
3.411500E+04 	1.500000E+03 	3.700000E+01 
3.418300E+04 	1.500000E+03 	3.700000E+01 
3.421800E+04 	1.500000E+03 	3.700000E+01 
3.425200E+04 	1.500000E+03 	3.700000E+01 
3.427200E+04 	1.500000E+03 	3.700000E+01 
3.432300E+04 	1.500000E+03 	3.700000E+01 
3.435400E+04 	1.500000E+03 	3.700000E+01 
3.435800E+04 	1.500000E+03 	3.700000E+01 
3.436800E+04 	1.500000E+03 	3.700000E+01 
3.440000E+04 	1.500000E+03 	3.700000E+01 
3.442800E+04 	1.500000E+03 	3.700000E+01 
3.443000E+04 	1.500000E+03 	3.700000E+01 
3.444400E+04 	1.500000E+03 	3.700000E+01 
3.446600E+04 	1.500000E+03 	3.700000E+01 
3.447200E+04 	1.500000E+03 	3.700000E+01 
3.450300E+04 	1.500000E+03 	3.600000E+01 
3.451500E+04 	1.500000E+03 	3.700000E+01 
3.455300E+04 	1.500000E+03 	3.700000E+01 
3.456000E+04 	1.500000E+03 	3.700000E+01 
3.456500E+04 	1.500000E+03 	3.700000E+01 
3.461100E+04 	1.500000E+03 	3.700000E+01 
3.462700E+04 	1.500000E+03 	3.700000E+01 
3.464100E+04 	1.500000E+03 	3.700000E+01 
3.465700E+04 	1.500000E+03 	3.700000E+01 
3.466500E+04 	1.500000E+03 	3.700000E+01 
3.466600E+04 	1.500000E+03 	3.700000E+01 
3.467000E+04 	1.500000E+03 	3.700000E+01 
3.467200E+04 	1.500000E+03 	3.700000E+01 
3.475000E+04 	1.500000E+03 	3.700000E+01 
3.475500E+04 	1.500000E+03 	3.700000E+01 
3.475700E+04 	1.500000E+03 	3.700000E+01 
3.477000E+04 	1.500000E+03 	3.700000E+01 
3.478000E+04 	1.500000E+03 	3.700000E+01 
3.486200E+04 	1.500000E+03 	3.700000E+01 
3.490200E+04 	1.500000E+03 	3.700000E+01 
3.492300E+04 	1.500000E+03 	3.700000E+01 
3.493400E+04 	1.500000E+03 	3.700000E+01 
3.493700E+04 	1.500000E+03 	3.700000E+01 
3.494000E+04 	1.500000E+03 	3.700000E+01 
3.496600E+04 	1.500000E+03 	3.700000E+01 
3.500100E+04 	1.500000E+03 	3.700000E+01 
3.506500E+04 	1.500000E+03 	3.700000E+01 
3.507500E+04 	1.500000E+03 	3.700000E+01 
3.510400E+04 	1.500000E+03 	3.700000E+01 
3.511800E+04 	1.500000E+03 	3.700000E+01 
3.513200E+04 	1.500000E+03 	3.700000E+01 
3.513300E+04 	1.500000E+03 	3.700000E+01 
3.521400E+04 	1.500000E+03 	3.700000E+01 
3.525700E+04 	1.500000E+03 	3.700000E+01 
3.527600E+04 	1.500000E+03 	3.700000E+01 
3.536400E+04 	1.500000E+03 	3.700000E+01 
3.541100E+04 	1.500000E+03 	3.700000E+01 
3.541500E+04 	1.500000E+03 	3.700000E+01 
3.542100E+04 	1.500000E+03 	3.700000E+01 
3.546200E+04 	1.500000E+03 	3.700000E+01 
3.550300E+04 	1.500000E+03 	3.600000E+01 
3.550900E+04 	1.500000E+03 	3.700000E+01 
3.551400E+04 	1.500000E+03 	3.700000E+01 
3.553500E+04 	1.500000E+03 	3.700000E+01 
3.556600E+04 	1.500000E+03 	3.700000E+01 
3.557200E+04 	1.500000E+03 	3.700000E+01 
3.558300E+04 	1.500000E+03 	3.700000E+01 
3.559200E+04 	1.500000E+03 	3.700000E+01 
3.563700E+04 	1.500000E+03 	3.700000E+01 
3.564100E+04 	1.500000E+03 	3.700000E+01 
3.565200E+04 	1.500000E+03 	3.700000E+01 
3.566400E+04 	1.500000E+03 	3.700000E+01 
3.566800E+04 	1.500000E+03 	3.700000E+01 
3.568800E+04 	1.500000E+03 	3.700000E+01 
3.572600E+04 	1.500000E+03 	3.700000E+01 
3.578400E+04 	1.500000E+03 	3.700000E+01 
3.580000E+04 	1.500000E+03 	3.700000E+01 
3.584200E+04 	1.500000E+03 	3.700000E+01 
3.586400E+04 	1.500000E+03 	3.700000E+01 
3.592600E+04 	1.500000E+03 	3.700000E+01 
3.593000E+04 	1.500000E+03 	3.700000E+01 
3.593200E+04 	1.500000E+03 	3.700000E+01 
3.596700E+04 	1.500000E+03 	3.600000E+01 
3.599600E+04 	1.500000E+03 	3.700000E+01 
3.600600E+04 	1.500000E+03 	3.700000E+01 
3.604100E+04 	1.500000E+03 	3.700000E+01 
3.608000E+04 	1.500000E+03 	3.700000E+01 
3.610500E+04 	1.500000E+03 	3.700000E+01 
3.613900E+04 	1.500000E+03 	3.700000E+01 
3.624800E+04 	1.500000E+03 	3.700000E+01 
3.625200E+04 	1.500000E+03 	3.700000E+01 
3.625400E+04 	1.500000E+03 	3.700000E+01 
3.626100E+04 	1.500000E+03 	3.700000E+01 
3.626600E+04 	1.500000E+03 	3.700000E+01 
3.629500E+04 	1.500000E+03 	3.700000E+01 
3.629800E+04 	1.500000E+03 	3.700000E+01 
3.630800E+04 	1.500000E+03 	3.700000E+01 
3.635300E+04 	1.500000E+03 	3.700000E+01 
3.637400E+04 	1.500000E+03 	3.700000E+01 
3.639500E+04 	1.500000E+03 	3.700000E+01 
3.641300E+04 	1.500000E+03 	3.700000E+01 
3.645000E+04 	1.500000E+03 	3.700000E+01 
3.654000E+04 	1.500000E+03 	3.700000E+01 
3.656800E+04 	1.500000E+03 	3.700000E+01 
3.659100E+04 	1.500000E+03 	3.700000E+01 
3.660300E+04 	1.500000E+03 	3.700000E+01 
3.660500E+04 	1.500000E+03 	3.700000E+01 
3.668800E+04 	1.500000E+03 	3.700000E+01 
3.669100E+04 	1.500000E+03 	3.700000E+01 
3.669200E+04 	1.500000E+03 	3.700000E+01 
3.670300E+04 	1.500000E+03 	3.700000E+01 
3.672400E+04 	1.500000E+03 	3.700000E+01 
3.673100E+04 	1.500000E+03 	3.700000E+01 
3.673800E+04 	1.500000E+03 	3.700000E+01 
3.674000E+04 	1.500000E+03 	3.700000E+01 
3.674400E+04 	1.500000E+03 	3.700000E+01 
3.676200E+04 	1.500000E+03 	3.700000E+01 
3.677500E+04 	1.500000E+03 	3.700000E+01 
3.677700E+04 	1.500000E+03 	3.700000E+01 
3.678000E+04 	1.500000E+03 	3.700000E+01 
3.679000E+04 	1.500000E+03 	3.700000E+01 
3.680400E+04 	1.500000E+03 	3.700000E+01 
3.681800E+04 	1.500000E+03 	3.700000E+01 
3.686100E+04 	1.500000E+03 	3.700000E+01 
3.687200E+04 	1.500000E+03 	3.700000E+01 
3.689300E+04 	1.500000E+03 	3.700000E+01 
3.696100E+04 	1.500000E+03 	3.700000E+01 
3.696800E+04 	1.500000E+03 	3.700000E+01 
3.698500E+04 	1.500000E+03 	3.600000E+01 
3.706900E+04 	1.500000E+03 	3.700000E+01 
3.707100E+04 	1.500000E+03 	3.600000E+01 
3.711000E+04 	1.500000E+03 	3.700000E+01 
3.718200E+04 	1.500000E+03 	3.400000E+01 
3.719700E+04 	1.500000E+03 	3.700000E+01 
3.720600E+04 	1.500000E+03 	3.700000E+01 
3.726300E+04 	1.500000E+03 	3.700000E+01 
3.727200E+04 	1.500000E+03 	3.700000E+01 
3.731900E+04 	1.500000E+03 	3.700000E+01 
3.733400E+04 	1.500000E+03 	3.700000E+01 
3.735800E+04 	1.500000E+03 	3.700000E+01 
3.738800E+04 	1.500000E+03 	3.700000E+01 
3.741500E+04 	1.500000E+03 	3.700000E+01 
3.743300E+04 	1.500000E+03 	3.700000E+01 
3.746000E+04 	1.500000E+03 	3.700000E+01 
3.750800E+04 	1.500000E+03 	3.700000E+01 
3.752400E+04 	1.500000E+03 	3.700000E+01 
3.758400E+04 	1.500000E+03 	3.700000E+01 
3.759300E+04 	1.500000E+03 	3.700000E+01 
3.761100E+04 	1.500000E+03 	3.700000E+01 
3.762300E+04 	1.500000E+03 	3.700000E+01 
3.767000E+04 	1.500000E+03 	3.700000E+01 
3.768400E+04 	1.500000E+03 	3.700000E+01 
3.770700E+04 	1.500000E+03 	3.700000E+01 
3.771200E+04 	1.500000E+03 	3.700000E+01 
3.773200E+04 	1.500000E+03 	3.700000E+01 
3.776300E+04 	1.500000E+03 	3.700000E+01 
3.778300E+04 	1.500000E+03 	3.700000E+01 
3.778900E+04 	1.500000E+03 	3.700000E+01 
3.780900E+04 	1.500000E+03 	3.700000E+01 
3.788600E+04 	1.500000E+03 	3.700000E+01 
3.790100E+04 	1.500000E+03 	3.700000E+01 
3.793100E+04 	1.500000E+03 	3.700000E+01 
3.796600E+04 	1.500000E+03 	3.700000E+01 
3.800100E+04 	1.500000E+03 	3.700000E+01 
3.801200E+04 	1.500000E+03 	3.700000E+01 
3.804100E+04 	1.500000E+03 	3.700000E+01 
3.805900E+04 	1.500000E+03 	3.700000E+01 
3.808200E+04 	1.500000E+03 	3.700000E+01 
3.823900E+04 	1.500000E+03 	3.700000E+01 
3.830700E+04 	1.500000E+03 	3.700000E+01 
